KIperKP,KontrasP,Solidity_Inti,HomogenitasP,Circularity_Inti,Keliling_Inti,LIperLP,KelilingP,EntropiP,LuasNormal_P,EnergiP,Homogenitas_Inti,KelilingNormal_I,Entropi_Inti,Granularity_Inti,RerataGP,SolidityP,Energi_Inti,RerataRP,RerataR_Inti,CircularityP,LuasP,GranularityP,RerataG_Inti,RerataBP,Eccentricity,RerataB_Inti,Kontras_Inti,Luas_Inti
1,22333,2235,0.295574,104.16246,0.056183,83.384605,8.136516,61.313919,1.517679,0.363583,125.540268,0.732821,28320,2145,0.316153,67.830696,0.077348,23.006937,13.242218,20.572479,0.532083,0.785876,411.989685,0.910293,0.391224,2.337866,0.750944,0.788595.1.041958
1,31025,4125,0.276264,63.401608,0.022913,50.648056,9.076974,26.69227,1.42815,0.359131,71.531929,0.744377,48863,4755,0.30624,71.498077,0.027157,38.329887,22.188545,32.688419,1.053555,0.577366,423.807465,0.819063,0.39304,3.669929,0.708191,0.634938.0.867508
1,36832,7965,0.274679,65.156616,0.007296,57.636204,11.77747,31.138128,1.648434,0.293116,127.077431,0.703877,54135,3168,0.314406,69.066055,0.067783,35.190125,18.550638,28.637329,1.002722,0.599164,373.516144,0.8254,0.4462,6.926087,0.753462,0.680373.2.514205
1,34974,8115,0.263279,66.084785,0.006674,61.574825,13.302699,34.198906,1.662973,0.267211,126.954521,0.695137,51431,3930,0.308895,66.335373,0.041846,34.919922,18.314508,28.886127,1.047981,0.577987,411.183746,0.815429,0.469368,7.431319,0.575643,0.680018.2.064885
1,31828,9930,0.228109,66.808174,0.004056,49.471413,11.433691,27.163689,1.343836,0.394241,147.499649,0.758286,57700,4071,0.316021,76.921638,0.043751,48.614101,25.652452,39.452927,1.334461,0.475496,449.707581,0.758283,0.35765,8.316583,0.836773,0.551612.2.439204
1,23701,6978,0.242267,53.952385,0.006117,37.614346,8.621966,19.595343,1.230935,0.428663,90.372208,0.786628,44690,2703,0.318026,69.807327,0.076865,44.436192,22.601267,34.568325,1.304549,0.473613,315.389404,0.77745,0.332632,6.533708,0.31098,0.530342.2.581576
1,31947,7173,0.242138,63.488342,0.007803,44.267654,9.485422,24.819304,1.261649,0.434828,99.338615,0.779305,61094,6147,0.296766,79.742218,0.020318,51.921135,29.484987,42.271564,1.349632,0.464251,481.051636,0.765215,0.330642,5.766077,0.653611,0.522915.1.166911
1,28686,4785,0.273889,66.707657,0.015744,47.974838,10.557991,25.246431,1.265952,0.420945,79.043915,0.779894,50622,4782,0.299583,78.260277,0.027818,46.387035,26.333082,36.513149,1.185297,0.523086,429.702301,0.797555,0.343561,4.139273,0.273815,0.566671.1.000627
1,28145,5421,0.268239,60.061481,0.012035,52.133106,9.860604,26.14142,1.593338,0.302863,99.393921,0.713008,44634,3084,0.314506,71.431885,0.058972,41.579742,21.753721,33.718357,1.174511,0.527767,385.725739,0.797553,0.438259,5.346154,0.360196,0.630573.1.757782
1,26639,6276,0.272751,58.653553,0.008499,42.420563,9.376661,24.212234,1.288087,0.410599,98.397949,0.777035,49300,3348,0.317081,74.5793,0.05527,47.972572,25.858793,39.881699,1.291075,0.473379,343.112488,0.782707,0.348072,5.66426,0.729719,0.540345.1.874552
1,54900,12681,0.253547,68.033195,0.00429,61.583015,12.654294,32.101109,1.658149,0.280668,132.483994,0.696312,85727,8907,0.300926,73.897148,0.013579,43.0205,23.991095,34.626331,1.215461,0.522469,525.832275,0.782831,0.457309,9.149351,0.597897,0.640405.1.423712
1,37200,6021,0.27089,60.322857,0.012895,55.726059,11.053498,27.657429,1.641759,0.271182,84.275307,0.705,54145,3213,0.308603,65.57711,0.065909,33.736469,17.99827,26.951323,1.002751,0.595673,328.263489,0.828853,0.469484,5.347247,0.78339,0.687044.1.87395
1,35263,5214,0.268333,62.240177,0.0163,56.97768,9.179589,26.496277,1.6743,0.274557,82.86161,0.69286,49725,3276,0.314349,64.233215,0.058223,30.763126,17.185001,25.228035,0.926804,0.631739,327.084381,0.841546,0.46651,4.74,0.810134,0.70916.1.591575
1,24821,6654,0.266154,51.220791,0.007045,39.230465,9.223431,20.848322,1.352859,0.372806,79.882202,0.764054,41247,3090,0.315967,64.83786,0.054286,36.572079,20.363977,29.682877,1.144604,0.537078,313.615784,0.806441,0.376367,6.472763,0.462149,0.601765.2.153398
1,32936,4656,0.280247,65.864754,0.019092,61.923027,10.288476,31.929028,1.713084,0.264776,94.894691,0.687378,51521,3933,0.317837,75.770134,0.041855,45.476471,25.382971,37.738964,1.212062,0.513252,406.449707,0.790041,0.476181,4.409091,0.613283,0.639273.1.183829
1,27179,7629,0.24477,59.778351,0.005868,50.559368,11.729836,26.309126,1.543422,0.311078,126.98362,0.723186,45363,2505,0.324527,69.553505,0.090844,42.935783,21.099335,32.602047,1.293738,0.482346,367.868591,0.780308,0.426311,7.553465,0.781089,0.599145.3.045509
1,28187,3213,0.297397,59.083771,0.034311,49.230412,9.812569,24.858427,1.4379,0.335748,49.159668,0.741185,46039,3699,0.31769,72.06443,0.042283,42.416752,24.588932,34.771881,1.177047,0.526408,344.486908,0.80311,0.414168,3.077586,0.494815,0.612242.0.868613
1,40821,7083,0.272937,61.436592,0.010225,55.474106,10.14583,29.176376,1.648766,0.282615,95.600388,0.701365,58460,4257,0.311488,63.519474,0.040538,31.101341,16.67931,26.158899,0.950654,0.619321,344.638031,0.837263,0.457917,5.922241,0.462754,0.698272.1.663848
1,30883,7242,0.245882,63.979141,0.0074,47.120956,10.352946,27.271307,1.299548,0.402447,99.85083,0.768235,59261,5571,0.306658,80.275597,0.023995,55.100948,32.552345,47.583973,1.446074,0.4303,484.311188,0.748368,0.354912,6.137288,0.382232,0.521135.1.299946
1,28100,3657,0.27285,58.047604,0.026404,42.992996,6.81717,20.757835,1.314404,0.400998,59.627033,0.768869,52247,6045,0.290421,76.620857,0.017967,50.734032,29.810575,42.974201,1.356699,0.45727,443.180634,0.767063,0.359795,3.27102,0.247737,0.53783.0.604963
1,35217,6645,0.275053,62.431053,0.010022,52.31213,10.420287,28.520277,1.548323,0.323487,101.883423,0.722802,52516,4902,0.306085,65.079956,0.027463,32.941044,17.797129,27.385105,0.981286,0.602618,435.08786,0.831467,0.420562,5.738342,0.586175,0.670596.1.355569
1,35026,5985,0.284168,57.861412,0.012288,52.361813,9.618235,26.920105,1.652247,0.279023,88.827377,0.705936,50659,4074,0.313383,64.247421,0.038355,32.356148,17.307076,26.151211,0.977506,0.605784,365.63916,0.834321,0.461555,5.421196,0.774432,0.691407.1.469072
1,25218,9027,0.241191,57.068806,0.003889,36.609653,8.470799,21.463879,1.151711,0.476626,122.1147,0.797798,49223,3036,0.318886,71.078712,0.067108,43.983589,23.015001,36.436619,1.257538,0.490874,331.332642,0.786225,0.295795,7.728596,0.644784,0.512321.2.97332
1,41732,9855,0.25613,70.940239,0.0054,65.209259,14.776563,35.1353,1.643722,0.27411,143.390717,0.696978,62972,3171,0.320502,70.084961,0.078698,38.55278,19.423319,29.049969,1.08017,0.557663,362.650787,0.810095,0.462363,8.198835,0.628823,0.662707.3.107852
1,29861,5955,0.25744,67.048485,0.010582,60.91338,11.828444,30.31744,1.633766,0.281108,114.329361,0.698993,45467,2433,0.325187,69.54422,0.096521,38.585411,20.082453,29.301947,1.092538,0.555266,322.056091,0.808634,0.45764,5.82681,0.882411,0.656762.2.447596
1,28558,4473,0.263526,61.077282,0.017937,49.175938,10.13624,24.111277,1.433175,0.348241,84.243942,0.745879,45699,3012,0.316057,70.568481,0.0633,39.269436,21.30411,31.035839,1.101562,0.55607,321.116669,0.812676,0.400735,4.188202,0.581972,0.624915.1.48506
1,30928,8682,0.272726,59.589523,0.005156,34.937733,7.782355,19.4296,0.995836,0.538398,85.096565,0.828577,81782,5025,0.31986,78.955818,0.0407,66.994919,35.983669,48.305565,1.688146,0.317129,315.770508,0.710595,0.256911,6.255043,0.358794,0.378176.1.727761
1,27450,5583,0.275885,55.512218,0.011067,36.368587,8.043703,20.749704,1.136022,0.473767,66.752525,0.802932,55107,5544,0.304677,76.926392,0.02253,50.423473,29.745745,43.368145,1.348064,0.461062,412.668671,0.76822,0.303634,4.637043,0.596476,0.498122.1.007035
1,28391,4467,0.258231,64.331688,0.01788,46.589565,6.973385,22.409678,1.3144,0.416743,67.37072,0.768578,50295,4689,0.311959,77.197868,0.028746,46.046177,27.118477,39.53933,1.208116,0.516769,388.664093,0.794497,0.347095,3.90472,0.647296,0.564489.0.952655
1,23243,3966,0.267715,58.267696,0.018569,47.908737,10.22013,25.003973,1.448616,0.338521,72.669693,0.740191,37061,2832,0.314912,67.55088,0.058068,37.651176,20.802584,29.784599,1.111899,0.55174,312.048431,0.81148,0.408632,4.157233,0.371475,0.627155.1.400424
1,35642,7185,0.264845,64.400383,0.008676,49.222588,9.250178,25.961025,1.408536,0.380814,94.173897,0.74956,56133,4599,0.303056,70.463043,0.03335,36.464481,20.252523,29.876959,1.025353,0.593702,398.511627,0.8229,0.373324,5.813107,0.694004,0.634956.1.562296
1,34159,4539,0.279186,65.792824,0.020835,62.292038,10.420509,32.087273,1.688934,0.263712,78.573219,0.690998,47364,3456,0.311002,64.32283,0.049832,30.27767,16.722916,23.163704,0.889582,0.642905,342.110504,0.846008,0.477374,4.242056,0.577123,0.721202.1.313368
1,26744,4038,0.26557,60.31419,0.020611,41.49641,7.011298,21.586073,1.235054,0.444371,59.711632,0.787849,46003,4965,0.296786,72.818474,0.023451,39.830612,24.414928,34.313221,1.087218,0.564745,409.713806,0.815657,0.326656,3.52356,0.697139,0.581353.0.813293
1,35215,7380,0.260568,67.634727,0.008125,66.263451,11.861511,35.37344,1.778166,0.241466,135.020248,0.666862,51060,2988,0.319558,67.64978,0.071867,35.709278,18.386578,29.485962,1.050909,0.576613,392.801819,0.812078,0.494815,6.910112,0.774254,0.689679.2.46988
1,24559,7866,0.250209,66.551895,0.004988,50.493156,11.956417,28.226357,1.366803,0.378334,161.017487,0.753433,45416,3381,0.315159,77.437294,0.049926,51.783199,26.631989,41.472214,1.403837,0.44208,486.175598,0.747404,0.368959,7.622093,0.808804,0.540757.2.326531
1,25111,4626,0.285074,58.815289,0.014746,45.863255,8.760139,23.42441,1.413754,0.366938,88.012177,0.746367,44206,3030,0.320125,73.333389,0.060507,46.521717,25.19062,36.843788,1.298846,0.479389,369.436157,0.774109,0.384007,4.517578,0.297743,0.568045.1.526733
1,29645,6129,0.273269,65.328476,0.009917,57.709782,11.791226,30.254087,1.59881,0.294412,116.040253,0.709255,44725,2607,0.323489,70.379166,0.082695,37.666992,19.103577,29.74626,1.060411,0.573985,355.546356,0.815114,0.445388,5.938953,0.750414,0.662828.2.350978
1,34941,6594,0.265592,63.807285,0.010098,53.763103,9.77624,28.153099,1.569887,0.318913,112.405159,0.721607,51451,4317,0.293459,67.198006,0.034693,33.319626,18.033606,27.01548,0.968228,0.61288,430.262573,0.829226,0.424221,5.743902,0.910415,0.679112.1.52745
1,29239,6813,0.269519,57.936794,0.007916,35.289276,7.857917,20.667152,1.041788,0.517255,74.533798,0.822122,50539,7371,0.261796,68.308342,0.011689,33.622459,20.321144,28.550669,0.939914,0.617041,486.48996,0.842501,0.272686,5.200763,0.325813,0.578543.0.924298
1,31878,7242,0.262312,64.379028,0.007638,55.027718,11.096008,29.552601,1.571759,0.312806,120.576416,0.718708,50939,3453,0.314916,70.972343,0.053687,40.994442,21.903347,32.057743,1.182543,0.527968,385.319977,0.790565,0.42787,6.631868,0.574257,0.625807.2.097307
1,29096,4362,0.29011,57.460918,0.019216,61.701305,9.412346,27.870367,1.851598,0.196843,79.851074,0.651777,38510,2484,0.312929,55.086273,0.07843,24.872036,13.608831,19.937069,0.860586,0.654455,290.921173,0.85539,0.545768,4.720779,0.68483,0.755544.1.756039
1,46363,10941,0.252406,65.951401,0.004867,53.80022,10.990617,26.756006,1.497099,0.339341,109.74424,0.729631,72910,8394,0.273246,70.023613,0.013003,38.115086,21.950966,30.090752,1.099305,0.560028,511.498016,0.80969,0.405821,8.068584,0.703403,0.635894.1.303431
1,38425,7836,0.246656,66.940697,0.007864,55.393589,13.650705,33.006355,1.567297,0.333404,145.667038,0.725335,52787,11529,0.281441,70.688354,0.004991,35.923504,23.520624,32.953842,1.012069,0.599376,489.694916,0.826411,0.411896,6.412438,0.457658,0.727925.0.679677
2,38508,4584,0.282091,86.519043,0.023029,69.265465,2.407056,36.146603,1.294388,0.361509,70.23159,0.789315,67287,4038,0.327345,89.591751,0.051857,57.455513,22.940983,42.857376,1.274188,0.484219,330.583557,0.782818,0.392099,3.655502,0.349206,0.572295.1.135215
2,29013,8940,0.22169,85.103142,0.004562,64.045326,1.680981,26.763433,1.217753,0.387401,83.940338,0.79304,56140,4350,0.314056,91.454796,0.037282,65.19133,21.13567,42.529499,1.518158,0.409616,375.799042,0.730394,0.363553,7.911504,0.367204,0.516797.2.055172
2,20039,1938,0.305552,87.946037,0.067047,65.14946,3.112457,36.457237,1.219018,0.409243,50.381756,0.800002,40313,2748,0.321506,90.797142,0.067084,67.726204,36.105526,53.536701,1.534279,0.396197,470.679718,0.738174,0.355276,2.04,0.342608,0.497085.0.70524
2,39126,6546,0.287827,66.800186,0.011474,46.909763,12.466963,27.182251,1.299293,0.43646,103.626511,0.778239,86486,6846,0.306336,83.390663,0.023189,68.05442,45.918255,56.392803,1.644044,0.341445,481.358154,0.71775,0.332636,4.771137,0.347903,0.452397.0.956179
2,33502,4599,0.269606,61.945225,0.019905,37.198116,8.737281,21.756313,1.06001,0.530903,69.991188,0.822055,93910,8496,0.286563,88.387001,0.016349,84.417953,60.982025,72.511932,1.91034,0.25952,498.152679,0.673924,0.26657,3.234177,0.135595,0.356746.0.541314
2,29962,5157,0.258104,57.993977,0.014157,35.777,6.533957,18.904015,1.065522,0.512654,54.972889,0.820031,83330,6228,0.318343,83.789459,0.026997,81.920738,54.564632,67.832291,2.006794,0.243358,443.869598,0.654107,0.27776,3.924658,0.34067,0.359558.0.828035
2,31247,4479,0.255894,62.351883,0.019573,42.80368,8.529084,22.414656,1.236571,0.451091,70.514519,0.784792,72661,4179,0.321242,81.707207,0.052284,69.880638,46.175358,57.433167,1.725251,0.317351,334.4729,0.708232,0.322034,3.594703,0.178253,0.430038.1.071787
3,35741,1965,0.321244,84.861626,0.116319,76.718384,9.965598,43.281803,1.659464,0.296704,61.238342,0.694132,46458,2640,0.326695,63.182503,0.083765,24.949659,18.222136,19.070709,0.630257,0.735512,270.726898,0.900812,0.451047,1.745115,0.697649,0.769319.0.744318
3,48805,2841,0.313782,96.225731,0.075986,107.299431,9.517924,65.515663,2.020801,0.193067,97.524025,0.636032,71243,5763,0.309017,88.674164,0.026956,51.515762,37.851028,43.858917,1.097466,0.539552,558.470642,0.824798,0.555423,2.395447,0.52849,0.68505.0.492972
3,46334,2394,0.32355,99.497475,0.101592,100.251282,11.05491,67.947693,1.850322,0.240999,95.603256,0.666148,65452,3942,0.324368,86.512703,0.05293,44.25832,31.915125,35.942574,0.906225,0.614556,459.905731,0.854873,0.5047,1.975248,0.621074,0.707908.0.607306
3,44978,2727,0.316635,102.931335,0.076005,105.191238,13.114197,72.698692,1.894151,0.233562,119.727928,0.658664,55262,2820,0.327717,69.326256,0.087325,25.210011,17.522398,20.841053,0.570009,0.766525,400.137939,0.905363,0.511637,2.299325,0.680029,0.813905.0.967021
3,43862,2142,0.32219,96.716827,0.120132,111.346268,10.779142,67.797684,2.033218,0.179559,98.128052,0.617588,58821,3762,0.328888,81.946663,0.052228,40.15015,26.851919,32.184204,0.887646,0.635302,452.396698,0.855087,0.57115,1.92973,0.608521,0.745686.0.569378
3,53046,2535,0.322358,101.945679,0.103731,120.461418,15.824632,84.509109,2.129653,0.169503,106.47345,0.601545,68293,4359,0.326118,79.431396,0.045166,35.588448,24.885523,29.223246,0.775225,0.679714,480.976471,0.874581,0.583564,2.10199,0.839316,0.776741.0.581555
3,43184,2355,0.323359,106.004013,0.097848,104.896896,10.717024,72.13044,1.855368,0.249612,117.097748,0.653432,58969,3423,0.326914,85.964714,0.063244,40.361988,29.34178,34.059883,0.811681,0.657844,467.506256,0.870745,0.495582,1.992386,0.502366,0.732317.0.687993
3,31470,1977,0.303311,99.543968,0.10118,105.657494,8.54864,66.731918,1.830717,0.215333,119.468193,0.678413,45453,3942,0.3258,90.747917,0.036757,50.195068,36.968243,42.845139,1.029078,0.567982,630.651855,0.839113,0.530763,2.029774,0.59945,0.692364.0.501522
3,45508,2733,0.325697,95.611359,0.076563,91.256638,5.331003,55.22641,1.607404,0.268725,86.843552,0.740414,71031,5037,0.309277,88.404266,0.035181,53.19854,37.388626,45.750065,1.138979,0.524861,447.340485,0.820002,0.477744,2.211165,0.633972,0.640678.0.542585
3,48103,2505,0.327398,103.287117,0.096331,97.668114,10.442486,63.631798,1.753905,0.273605,87.933441,0.697387,72733,4542,0.313883,90.609901,0.044304,51.036655,35.405113,41.980915,1.048758,0.563758,428.925018,0.83101,0.472724,1.963166,0.703111,0.661364.0.551519
3,51359,2571,0.312551,97.404175,0.097639,92.052132,10.775616,60.887253,1.746175,0.273845,85.913132,0.683358,78715,3699,0.326953,89.90168,0.072293,51.942039,36.466953,43.074028,1.053292,0.549415,363.205963,0.834493,0.472593,1.947727,0.50173,0.652468.0.695053
3,40934,2415,0.318325,80.124588,0.088198,72.035912,8.059134,40.74057,1.607255,0.299896,58.705326,0.712328,58563,3507,0.325621,68.805244,0.059836,33.477921,23.140207,25.458719,0.835027,0.639547,240.389542,0.867205,0.448346,1.989292,0.583268,0.698974.0.688623
3,53864,2739,0.321313,97.844383,0.090224,85.935242,8.932111,59.909641,1.640462,0.313934,78.150742,0.701881,94140,6339,0.312279,94.890984,0.02944,65.702736,47.921867,57.2099,1.303131,0.444136,442.165344,0.79131,0.43616,1.94808,0.653397,0.572169.0.432087
3,52353,2508,0.323682,103.030739,0.104591,102.623734,12.18086,70.891304,1.863387,0.247389,85.550232,0.654449,75535,4407,0.326013,89.114532,0.048873,47.315636,34.408249,40.468418,0.945362,0.596899,409.467926,0.853145,0.49879,1.935185,0.625609,0.693096.0.569095
3,52080,2340,0.329531,102.879471,0.119522,93.066338,7.322649,62.155281,1.628586,0.298272,78.941437,0.713684,76204,4302,0.326873,87.176117,0.051742,44.726685,30.806618,38.181305,0.90064,0.616166,388.463837,0.857052,0.450581,1.720588,0.83668,0.683429.0.543933
3,50335,2577,0.315388,102.977066,0.095247,93.423073,9.984668,64.90049,1.672642,0.295693,94.750504,0.703451,77816,4752,0.325871,93.745514,0.043304,53.603333,39.060162,45.174274,1.027627,0.556191,473.233734,0.837229,0.45238,1.928892,0.550532,0.646846.0.542298
3,50442,2412,0.327178,103.523827,0.108955,107.221008,13.978682,75.977028,1.925841,0.227936,102.744789,0.63917,76977,4986,0.328662,95.052094,0.03891,58.062782,41.46339,49.907887,1.137241,0.518795,470.305145,0.810634,0.518231,1.932692,0.608128,0.655287.0.483755
3,48755,2472,0.328555,102.860748,0.100261,94.298164,7.887853,62.855652,1.665849,0.290175,82.586876,0.709709,78571,4977,0.327666,95.700478,0.03986,59.563816,42.311054,50.083305,1.157399,0.509356,433.772919,0.817102,0.457742,1.892802,0.664337,0.620522.0.496685
3,47642,2298,0.327254,101.180397,0.11337,102.16069,9.813635,65.662697,1.842622,0.240354,88.166832,0.671072,65075,4740,0.329485,83.50576,0.036397,39.644424,28.878477,33.834057,0.831778,0.653155,467.324615,0.868441,0.505684,1.871336,0.891738,0.732109.0.48481
3,47233,2481,0.314509,100.804398,0.096428,80.768356,10.462263,57.655334,1.5318,0.36607,78.83609,0.729698,83517,6591,0.326822,97.001068,0.024159,63.319588,47.222584,55.779869,1.199101,0.479329,450.418671,0.815329,0.391572,1.784892,0.465983,0.56555.0.376422
3,52077,2673,0.319152,103.515572,0.091592,95.942719,9.02614,65.239998,1.70418,0.284531,94.273468,0.693768,84316,5697,0.329917,95.982964,0.032646,60.68903,43.003464,51.486362,1.174235,0.498886,433.209137,0.813084,0.462709,1.991803,0.529734,0.617641.0.469194
3,21508,1782,0.302567,101.38401,0.085113,79.531677,12.684348,49.722149,1.520956,0.376206,113.366585,0.73258,31598,2133,0.324182,83.916161,0.087275,39.001385,27.3211,34.613167,0.819559,0.660656,460.888977,0.869913,0.381686,1.87579,0.446513,0.680676.0.835443
3,24217,2184,0.302856,98.012779,0.063801,71.020729,13.792802,44.957912,1.397018,0.422014,125.022942,0.7513,38948,5892,0.296279,88.252403,0.014098,45.11507,36.343285,43.376511,0.88523,0.602306,930.855286,0.858993,0.34505,2.056497,0.698614,0.621778.0.370672
3,22615,1734,0.312677,94.364639,0.094517,64.972176,8.961672,49.676281,1.292293,0.453645,102.700249,0.780361,34755,2862,0.321413,81.297531,0.05332,36.97776,27.707212,34.309158,0.757679,0.67093,477.014435,0.882202,0.322224,1.632768,0.488204,0.650698.0.60587
3,23241,2019,0.3108,96.514488,0.071646,64.1679,8.652092,50.538403,1.271365,0.473747,118.360352,0.780974,42382,4809,0.315258,95.082954,0.023029,54.642132,44.574471,53.769459,0.968173,0.542478,690.716431,0.845556,0.307384,1.835455,0.421192,0.54837.0.419838
3,26865,2397,0.315173,105.147728,0.058757,94.65712,18.119324,79.392197,1.750886,0.297662,165.301682,0.676046,37063,4029,0.311404,82.49675,0.028692,37.232491,27.135633,34.090595,0.770493,0.669081,735.181641,0.877276,0.448468,2.445918,0.587406,0.724847.0.594937
3,23915,1842,0.319685,105.470375,0.088573,99.214684,12.712965,80.388176,1.794264,0.274413,150.085968,0.675742,28382,2040,0.32404,61.847256,0.085702,19.064522,12.818372,17.640303,0.45717,0.816022,540.227966,0.922232,0.470296,2.037611,0.760735,0.842611.0.902941
3,26241,2616,0.308765,103.600311,0.048185,93.909515,16.074003,78.959061,1.789244,0.292388,204.566513,0.672054,34252,3027,0.321027,74.661301,0.046975,29.602291,19.8703,27.850082,0.668448,0.723072,693.336365,0.888753,0.451925,2.713693,0.699294,0.766116.0.864222
3,29848,5118,0.273755,98.945274,0.014319,69.794937,17.217228,59.401096,1.357245,0.434922,238.874634,0.757553,45485,4863,0.303549,81.633347,0.02417,37.259506,24.327057,34.495853,0.793016,0.660306,725.820007,0.871146,0.332776,4.27212,0.461197,0.656216.1.052437
3,21213,2664,0.287638,98.29966,0.037562,65.891243,15.242239,55.145184,1.269667,0.467539,171.627579,0.778367,31956,4248,0.302967,81.552109,0.022253,35.065411,25.349367,33.186462,0.712247,0.690641,770.766052,0.888235,0.310622,2.546845,0.626706,0.663819.0.627119
3,26120,2169,0.315128,103.372116,0.069769,78.355934,12.644011,65.134209,1.475767,0.395999,146.717667,0.729842,34047,3216,0.32024,69.897926,0.041367,24.333473,17.939129,22.776808,0.5446,0.773999,635.315002,0.911311,0.365504,2.023321,0.711248,0.767175.0.67444
3,23583,1857,0.310785,95.665031,0.085938,70.353836,10.850667,55.814377,1.399538,0.414155,116.478844,0.754337,38243,2169,0.324063,89.93222,0.102151,47.055588,32.826504,42.84063,0.936068,0.598056,441.822876,0.848202,0.351749,1.792471,0.502776,0.616662.0.856155
3,30839,2163,0.320448,107.387741,0.082832,94.317772,18.366091,77.909599,1.704712,0.31234,135.399628,0.68289,40491,3459,0.321556,75.066345,0.042527,29.72838,20.995377,26.779808,0.644035,0.729624,577.17157,0.894781,0.436072,2.032895,0.510963,0.761626.0.625325
3,28876,2073,0.29662,95.752251,0.08444,79.868454,5.306487,44.830673,1.471814,0.341337,82.24482,0.756024,50456,3471,0.326532,95.758873,0.052628,63.576958,50.12915,54.087906,1.218377,0.467847,457.146118,0.812868,0.411404,1.95566,0.281189,0.572301.0.597234
3,37029,3882,0.310656,89.342361,0.030877,70.665421,5.940389,39.873158,1.411595,0.369108,108.743645,0.759468,71571,3546,0.327868,98.947357,0.071527,73.976074,44.92688,59.63699,1.493636,0.397038,413.665894,0.744731,0.386572,3.135703,0.713236,0.517374.1.094755
3,27191,2343,0.324258,76.6511,0.062243,86.312691,22.466734,50.250355,1.999278,0.181039,165.270218,0.66211,31220,2133,0.313425,54.583954,0.086231,16.605476,12.013774,13.532495,0.457433,0.813166,331.152832,0.929114,0.567472,2.6625,0.560573,0.870948.1.098453
3,27971,2037,0.321628,87.142693,0.08471,93.920059,6.648546,47.552441,1.761903,0.205205,83.255829,0.687102,37442,2655,0.31524,75.874115,0.066748,35.540054,22.343147,27.528503,0.881086,0.64949,507.435333,0.850156,0.540346,2.223799,0.387734,0.747049.0.767232
4,34446,1986,0.324231,105.747704,0.109746,90.343224,18.000454,70.200874,1.702211,0.32834,155.213165,0.699962,51096,7371,0.315805,90.171852,0.011818,45.294708,38.167599,39.755711,0.8771,0.612431,1139.956055,0.868031,0.422661,1.739054,0.621534,0.674143.0.269434
4,40094,2238,0.323365,107.991264,0.100593,100.768921,22.906651,84.935066,1.862272,0.280112,170.199951,0.661753,52925,7470,0.312314,79.704079,0.011919,32.886246,28.747925,30.537148,0.670937,0.702585,1130.660034,0.896637,0.466155,1.906303,0.783162,0.757563.0.299598
4,37051,5607,0.260012,89.644875,0.01481,71.511719,31.359249,54.117634,1.501628,0.362438,258.893585,0.736669,50742,7503,0.295137,72.625443,0.011327,29.720791,23.914509,26.765888,0.712085,0.705893,973.26947,0.879558,0.389846,4.536408,0.67701,0.730184.0.747301
4,47121,3975,0.295594,86.055237,0.037476,66.380684,23.831877,48.521122,1.463614,0.386819,119.523422,0.752643,87684,12426,0.286504,94.342804,0.007136,64.813118,54.878662,60.581924,1.266251,0.443587,820.732544,0.795489,0.374092,2.799296,0.759848,0.537396.0.319894
4,38332,3375,0.287797,80.469864,0.042289,53.400352,16.265465,35.630993,1.245784,0.47497,120.898399,0.790654,67428,11922,0.25507,87.691109,0.005961,48.152519,41.491295,45.340366,0.960357,0.569681,879.654663,0.852035,0.306749,2.386846,0.50523,0.568488.0.28309
4,30701,1944,0.312669,99.531052,0.102087,70.993034,12.889251,56.36113,1.393899,0.434052,123.714516,0.761315,55206,12507,0.299419,99.913284,0.004435,59.884674,53.300407,56.207062,1.055017,0.508432,1590.760376,0.845476,0.337782,1.61194,0.460195,0.556117.0.155433
4,33049,1974,0.314887,63.525322,0.10658,50.864773,12.918459,29.5415,1.49303,0.362074,59.893589,0.740025,39920,5694,0.301369,52.596073,0.015473,15.32116,13.617737,14.0485,0.438086,0.823877,653.877441,0.932805,0.394794,1.692967,0.413638,0.827881.0.346681
4,22332,1764,0.31153,55.272877,0.090186,36.399841,8.675917,17.621675,1.196978,0.47273,61.709286,0.79746,34830,5673,0.299737,70.381721,0.0136,31.733931,27.430025,28.711655,0.783106,0.665243,678.209106,0.876756,0.308619,1.639405,0.475577,0.641171.0.310947
4,35618,2592,0.304685,66.480644,0.066621,56.421249,12.821046,31.740242,1.599433,0.324954,88.724365,0.723158,60906,10656,0.274203,82.458328,0.00674,53.483372,44.770653,50.033264,1.292815,0.467708,837.626953,0.791226,0.425442,2.238342,0.62307,0.584803.0.243243
4,25826,2919,0.301963,70.239037,0.038089,44.536449,16.187351,26.5781,1.155193,0.500144,100.004021,0.809649,56253,17193,0.248387,103.930191,0.002391,72.662277,70.872803,66.885391,1.263854,0.406248,1860.824707,0.818936,0.288369,2.4325,0.698431,0.459104.0.169778
4,38926,5586,0.289893,63.005486,0.015676,44.601662,13.181559,23.907475,1.321062,0.429337,138.938568,0.780411,106129,14508,0.311105,93.705009,0.006336,109.042282,96.813339,94.491776,2.166895,0.161421,864.035217,0.653918,0.338281,4.101322,0.330824,0.36678.0.385029
4,21003,1668,0.303087,56.942928,0.094863,52.943626,16.300438,22.465923,1.656006,0.270847,81.539032,0.705138,39366,7674,0.302958,105.46479,0.0084,85.536018,84.686111,77.540756,1.490215,0.325132,1319.26001,0.778453,0.47398,1.971631,0.531095,0.533531.0.217357
5,44015,2271,0.328453,85.785011,0.107245,89.362854,8.959669,51.496754,1.824027,0.22467,55.327209,0.667397,51252,3324,0.329,49.90202,0.058291,15.250966,10.313364,11.883062,0.448103,0.823833,263.978943,0.926394,0.521641,1.954389,0.913071,0.858796.0.683213
5,37634,1911,0.329646,99.329094,0.1295,105.722,4.617664,59.309731,1.718875,0.215546,70.806213,0.708912,50073,4698,0.325126,78.816322,0.028509,36.288799,25.35428,30.503265,0.840602,0.665651,627.410645,0.858415,0.531914,1.796053,0.890755,0.751583.0.406769
5,40912,2115,0.329325,103.057236,0.114932,97.230316,8.37551,65.546135,1.738842,0.274819,86.059921,0.694925,64179,5061,0.325215,94.071281,0.031487,56.772869,42.872906,49.560093,1.128912,0.524314,531.534729,0.822454,0.471717,1.795416,0.887323,0.637467.0.417902
5,41935,2061,0.329328,101.65683,0.12406,111.270119,8.015314,69.672089,1.882535,0.201942,93.03257,0.678048,53780,4098,0.326902,76.418549,0.040243,32.5737,23.186693,27.926138,0.73687,0.701352,540.908875,0.880437,0.546562,1.860108,0.86662,0.779751.0.502928
5,51278,2376,0.327665,100.480476,0.114143,119.360893,7.536599,73.432175,1.951941,0.168219,83.859688,0.65859,64492,4221,0.327299,75.929527,0.045487,31.932652,22.546459,26.222645,0.7307,0.70758,491.800354,0.880273,0.585927,2.006757,0.921609,0.795106.0.5629
5,52381,2544,0.327371,99.533249,0.101707,127.864014,14.167119,87.660645,2.193614,0.137913,103.704414,0.584287,68596,4401,0.311449,83.610695,0.044505,40.775761,29.395203,34.975975,0.879954,0.638667,480.039032,0.859189,0.623583,2.193104,0.745725,0.763616.0.57805
5,26609,2304,0.322733,85.527496,0.06299,93.561073,8.923091,42.85693,1.834486,0.197857,108.364647,0.691294,32410,2574,0.314911,61.020954,0.061471,22.178137,14.686476,16.059633,0.617246,0.755953,422.12262,0.895124,0.547916,2.612245,0.76311,0.821012.0.895105
5,24340,2127,0.316223,83.566757,0.067608,80.484917,5.736257,35.765648,1.578399,0.258847,92.390121,0.750285,34210,2946,0.295653,76.602516,0.049533,37.701721,24.951765,28.424578,0.94227,0.625717,537.461792,0.839755,0.485334,2.373884,0.847561,0.711488.0.721996
5,24398,1575,0.325619,82.135689,0.123596,96.850784,4.141969,36.855679,1.701977,0.168579,72.393784,0.725049,31887,3789,0.29571,71.19249,0.027911,33.039146,24.584246,27.796947,0.864943,0.652522,651.145325,0.851018,0.585589,1.925428,0.617095,0.765139.0.415677
5,26219,2457,0.319374,75.41481,0.054578,74.684448,0.967088,30.105268,1.482916,0.242189,23.599844,0.787572,31077,2526,0.312753,49.107742,0.061204,15.652874,3.882893,5.934425,0.462095,0.802184,105.798981,0.919526,0.50228,2.688184,0.907688,0.843679.0.972684
5,23057,3639,0.300245,82.67057,0.02188,70.346619,1.554041,29.767107,1.307542,0.323458,44.057579,0.791864,30505,2487,0.311253,65.10733,0.061977,25.826334,7.194741,13.548745,0.668819,0.721366,222.504288,0.886444,0.422522,3.879531,0.631917,0.755843.1.463209
5,23964,1770,0.318997,84.697952,0.096122,104.352043,8.703552,51.882004,1.959369,0.149336,82.061691,0.639128,25860,1764,0.321534,40.726871,0.104434,9.116756,3.75955,5.32703,0.270332,0.886646,233.915665,0.95149,0.606668,2.223618,0.666933,0.926682.1.003401
5,23342,2247,0.304229,84.529617,0.058095,96.388672,7.957882,46.02084,1.874113,0.177651,88.525902,0.66155,25419,2319,0.29941,41.470158,0.059397,9.562799,3.813648,5.731515,0.287798,0.87775,250.787766,0.945871,0.570918,2.767241,0.682826,0.918289.0.968952
5,21365,1812,0.318785,82.001007,0.08177,85.49379,7.625105,42.290943,1.766507,0.217119,82.102638,0.689512,23116,1986,0.308127,37.513676,0.073649,7.944901,3.14159,4.988024,0.25073,0.892595,233.066849,0.951555,0.526465,2.248139,0.584377,0.924252.0.912387
5,27013,2430,0.323107,76.592773,0.057487,85.643143,22.096815,49.802486,1.986281,0.183808,172.201614,0.664086,27936,1854,0.326313,25.487539,0.10213,3.466128,2.021767,2.39828,0.129966,0.943203,303.44339,0.97483,0.563757,2.761364,0.560474,0.96696.1.31068
5,32231,2115,0.323751,79.863327,0.090545,96.150375,15.558694,53.505192,2.044901,0.157147,131.354233,0.648392,33244,1872,0.324851,25.600904,0.11921,3.516709,2.06817,2.305523,0.126941,0.946512,287.741821,0.975738,0.597712,2.274194,0.741241,0.969528.1.129808
5,18785,1458,0.327014,79.134529,0.111047,92.661446,12.57194,40.328838,1.953036,0.166268,123.666962,0.646841,19253,1365,0.327566,21.600203,0.12985,2.622703,1.608409,1.4763,0.10697,0.952309,274.074982,0.977023,0.58502,2.030641,0.672315,0.975692.1.068132
5,21873,1470,0.323685,84.862045,0.127199,91.895844,7.42005,43.529728,1.776092,0.20261,97.241669,0.703242,22577,1473,0.324103,24.788315,0.130759,3.306169,1.592861,2.027413,0.116064,0.947561,223.813278,0.975827,0.544104,1.832918,0.706708,0.968818.0.997963
5,27453,1773,0.317126,87.862778,0.109744,91.053886,5.623927,37.85437,1.638346,0.224931,81.066048,0.74218,28503,1866,0.318451,26.332619,0.102867,3.743279,1.863105,2.128503,0.127397,0.94387,201.837448,0.974464,0.521246,1.931373,0.679402,0.963162.0.950161
5,17420,1338,0.327321,79.181602,0.122277,93.891258,12.017747,42.377312,1.985378,0.162884,142.67981,0.647729,18040,1323,0.327666,26.313389,0.129517,3.833046,2.548187,2.244668,0.141799,0.938154,335.649506,0.97055,0.588852,1.944767,0.922293,0.965632.1.011338
5,20281,1407,0.325831,82.74514,0.128739,85.258293,7.542816,39.679184,1.689753,0.22739,84.400185,0.710549,20933,1431,0.326364,22.568485,0.128458,2.932199,1.629901,1.610004,0.113968,0.949387,205.282501,0.975983,0.517333,1.776515,0.753507,0.968853.0.983229
5,38943,2151,0.325102,87.20652,0.105769,89.01236,12.216198,56.070034,1.77851,0.235112,57.221275,0.679306,40324,2493,0.325306,24.683813,0.081532,3.35159,1.737112,2.110641,0.112244,0.952773,142.204605,0.980094,0.5116,1.900177,0.43649,0.965752.0.862816
5,17616,1353,0.322266,80.410889,0.120927,98.365051,5.935664,42.771282,1.826274,0.153604,84.893921,0.692578,18196,1473,0.32247,24.599598,0.105385,3.492287,1.68793,2.016931,0.130926,0.939176,219.370605,0.971566,0.602524,1.97807,0.941672,0.968125.0.918534
5,24379,1560,0.325953,78.543388,0.125886,93.025017,11.122537,53.392292,1.932698,0.166365,81.537979,0.639501,25137,1596,0.326247,22.293194,0.12401,3.013962,1.472268,2.083245,0.121532,0.946684,188.022263,0.975401,0.585865,1.911765,0.869631,0.969845.0.977444
5,28643,1752,0.329355,83.991005,0.117263,113.997932,10.001928,68.982666,2.114847,0.118083,100.405838,0.605763,29291,1680,0.330043,21.756132,0.130414,2.650527,1.259195,1.825683,0.100822,0.952345,218.5009,0.977365,0.64987,2.085714,0.708767,0.977877.1.042857
5,26880,1722,0.322013,84.408073,0.113913,101.952515,9.299154,57.698696,1.968002,0.158842,95.958824,0.642894,27788,1755,0.3179,25.719772,0.113374,3.679785,1.874098,2.319639,0.130953,0.942256,224.019928,0.973454,0.595296,2.025882,0.72061,0.967324.0.981197
5,28772,1704,0.326469,81.417313,0.12452,99.974236,9.903763,60.454605,1.948761,0.153596,86.430702,0.640019,29869,1758,0.325924,26.525463,0.121449,4.064542,1.938076,2.763051,0.137836,0.937831,190.995529,0.972862,0.602732,1.949657,0.906769,0.963273.0.969283
5,28557,1689,0.32699,87.134872,0.125795,100.381569,9.82399,60.901413,1.917869,0.178447,95.023651,0.648425,30446,2109,0.325142,35.382221,0.086018,7.007568,4.189445,5.079826,0.222031,0.907095,308.117218,0.958793,0.571757,1.889262,0.610427,0.937956.0.800853
5,22772,1494,0.32641,83.947922,0.128206,91.499763,6.661261,48.788078,1.743678,0.20257,82.843185,0.696965,24361,1551,0.326998,33.855568,0.127257,6.723522,4.11371,4.59192,0.221998,0.908327,254.926514,0.959402,0.54468,1.826406,0.753847,0.934773.0.96325
5,28053,1701,0.326137,87.467552,0.121837,110.997131,9.705358,64.471382,2.046475,0.141264,99.546501,0.639335,29623,1740,0.326273,34.152641,0.122953,6.458003,3.712324,4.618871,0.205217,0.914558,280.812714,0.962387,0.618452,1.996479,0.836083,0.947001.0.977586
5,20288,1389,0.327141,90.085587,0.132143,100.54213,4.529099,50.581482,1.715092,0.192324,101.44239,0.70534,21366,1509,0.325428,31.811489,0.117911,5.54613,3.140036,4.035489,0.182599,0.922366,314.596588,0.963542,0.556415,1.813316,0.753145,0.949546.0.920477
5,25075,1587,0.322069,88.513504,0.125111,110.334251,9.594631,64.712219,2.024758,0.147628,101.719917,0.641476,26587,1695,0.322161,35.277843,0.116289,6.886987,3.961754,4.87517,0.216164,0.909558,299.587799,0.959963,0.609682,1.954433,0.838282,0.94313.0.936283
5,25146,1620,0.324368,79.821465,0.120406,102.852463,12.271824,60.738068,2.105639,0.135046,99.47612,0.622748,27200,1848,0.325297,40.014149,0.100086,8.907623,6.201619,6.867414,0.292596,0.881607,369.049591,0.948291,0.626457,2.009926,0.71674,0.924485.0.876623
5,16601,1281,0.329091,79.968826,0.127129,97.070313,8.176516,40.770561,1.88011,0.155638,94.317581,0.678604,17759,1329,0.329017,34.907391,0.126351,7.280628,4.378535,4.409596,0.243432,0.896488,289.111786,0.952594,0.598882,1.923423,0.803365,0.934794.0.963883
5,29893,1740,0.32852,84.405067,0.124074,110.837379,11.737496,67.043663,2.102218,0.129055,95.732254,0.608472,31890,1797,0.328726,36.783131,0.124099,7.73276,4.427886,5.530869,0.241331,0.900011,264.129944,0.95647,0.634873,2.004608,0.92066,0.937378.0.96828
5,26247,1596,0.325508,82.577667,0.129486,101.481598,7.93729,56.788128,1.925201,0.152829,86.457634,0.659364,27739,1653,0.324969,32.098572,0.127572,6.039383,3.394042,4.518105,0.200339,0.915949,242.238022,0.961734,0.603796,1.913669,0.842318,0.946213.0.965517
5,28145,1638,0.327321,92.23761,0.131821,104.573898,11.438144,69.18148,1.940799,0.185375,101.981682,0.642573,29705,1710,0.325959,33.622425,0.127658,6.034394,3.393454,4.60224,0.18664,0.92269,278.028992,0.964743,0.563779,1.832215,0.781176,0.947484.0.957895
5,26884,1626,0.325855,85.767593,0.12778,102.551468,11.339218,60.32233,1.989434,0.163156,92.38504,0.637593,28291,1677,0.327135,31.639406,0.126413,5.636649,3.226548,4.146311,0.186248,0.922817,256.842285,0.964645,0.590338,1.899533,0.912009,0.950267.0.969589
5,29734,1725,0.324059,101.269257,0.12557,122.073494,9.153716,75.075035,1.976336,0.161085,116.719475,0.637002,30234,1785,0.324427,21.422567,0.119242,2.149745,1.026201,1.386654,0.072195,0.966066,224.929352,0.983784,0.593351,1.925223,0.932025,0.983462.0.966387
5,30825,1842,0.326969,97.894928,0.114165,114.240143,13.890726,78.224716,2.031637,0.173111,123.447876,0.619769,31910,1839,0.325589,28.976643,0.11857,4.171859,2.162206,3.103314,0.130819,0.942824,300.757233,0.973937,0.577767,1.993507,0.694227,0.965998.1.001631
5,27735,1830,0.329437,103.110023,0.104072,99.696228,8.306499,64.144127,1.716551,0.25984,114.691544,0.692289,28992,1803,0.329503,31.855747,0.112072,4.903932,2.441796,3.408286,0.144833,0.939729,244.729889,0.972424,0.485064,1.91023,0.826055,0.956643.1.014975
5,23246,1524,0.327266,99.594414,0.125773,114.49778,8.789768,71.786087,1.928077,0.179066,115.527832,0.652572,24221,1548,0.327745,31.958038,0.127016,4.999976,2.430475,3.574899,0.152337,0.934521,306.612122,0.96946,0.570384,1.886139,0.821587,0.959746.0.984496
5,34538,2055,0.326804,101.488953,0.102774,113.119194,16.416008,79.448914,2.001867,0.192895,112.279274,0.634797,36577,2088,0.3271,37.879147,0.105428,6.96277,3.441503,5.019998,0.190593,0.920165,279.860321,0.96521,0.555202,2.059118,0.779991,0.944255.0.984195
5,28092,2259,0.281853,94.722122,0.069177,130.0578,17.803328,89.089226,2.240377,0.111974,123.13295,0.571302,29093,1701,0.325917,33.992092,0.126354,5.824137,2.801919,4.483671,0.173522,0.926328,299.014313,0.966439,0.659065,2.728261,0.82119,0.965593.1.328042
5,22351,1491,0.328585,96.725357,0.126343,108.484261,11.793193,63.858864,1.94699,0.189504,96.279366,0.650496,23456,1506,0.328653,33.592789,0.129961,5.658079,2.764606,3.63309,0.168558,0.928956,261.075195,0.967546,0.558524,1.859102,0.786538,0.952891.0.99004
5,33949,1896,0.3261,90.303566,0.118675,139.209335,15.575408,93.792725,2.339477,0.083441,114.775879,0.545102,35401,1926,0.326843,35.265091,0.119926,6.213906,3.006544,4.647409,0.179886,0.923688,284.565094,0.965866,0.705243,2.159453,0.929193,0.958984.0.984424
5,26293,1605,0.326406,98.245056,0.128263,116.506607,6.555964,67.187927,1.88798,0.167005,108.876099,0.665371,27494,1605,0.327766,33.763157,0.134121,5.59432,2.721795,3.749259,0.16709,0.928711,300.403625,0.966372,0.585655,1.892689,0.710024,0.956318.1
5,32943,1827,0.327938,88.693619,0.124021,124.613869,14.049045,75.489136,2.2513,0.107785,101.29657,0.579976,34575,1851,0.327908,35.093769,0.126812,6.465661,3.378924,4.209288,0.199306,0.91784,268.998718,0.962575,0.665434,2.052809,0.856885,0.952798.0.987034
5,25048,1758,0.325523,87.648514,0.101846,111.49324,11.496485,64.772133,2.070889,0.138897,126.448235,0.621361,26719,1635,0.326538,38.737522,0.125601,7.988166,4.793053,5.288894,0.245928,0.89945,337.040741,0.954187,0.620123,2.186567,0.891127,0.93746.1.075229
5,35055,2151,0.321219,96.395393,0.095209,118.680908,11.709446,78.218842,2.066045,0.152318,115.713966,0.614969,36895,2061,0.323888,35.764194,0.109149,6.461431,3.166469,4.83937,0.188024,0.920634,285.177185,0.965235,0.60372,2.231328,0.873351,0.950129.1.043668
5,25568,1602,0.326276,88.427338,0.125193,129.284241,9.548928,78.597244,2.190032,0.096248,126.519577,0.607135,26679,1656,0.326973,33.049721,0.122253,5.763081,2.994148,4.109481,0.184565,0.920057,335.458649,0.96256,0.683234,2.069767,0.873877,0.958357.0.967391
5,32077,1953,0.327303,93.071259,0.105682,120.461815,11.349506,72.242599,2.129619,0.133765,102.957901,0.609417,33783,1977,0.328299,36.207199,0.108616,6.721766,3.332178,4.39088,0.200561,0.916472,274.148376,0.962739,0.628074,2.160398,0.867394,0.949501.0.98786
5,30445,1854,0.324674,96.540955,0.111303,126.120285,13.339722,75.429817,2.19874,0.130447,112.174835,0.600979,32075,1821,0.325232,38.277061,0.12155,7.155752,3.524834,4.575498,0.199386,0.915942,287.663452,0.962478,0.632164,2.111617,0.877252,0.949182.1.018122
5,21874,1488,0.324694,97.722816,0.124146,102.563438,8.772933,55.487644,1.833374,0.21875,106.374138,0.678223,23246,1572,0.320285,36.636883,0.11821,6.758966,3.490817,4.15625,0.196434,0.916817,296.023438,0.962137,0.525817,1.823529,0.847334,0.940979.0.946565
5,25627,1578,0.327418,95.542412,0.129328,113.665062,9.476419,64.755554,1.949812,0.16566,96.450935,0.656001,26878,1620,0.327892,34.290192,0.128699,5.889355,3.086411,3.531146,0.175076,0.927388,267.528473,0.96646,0.587546,1.88756,0.822352,0.953456.0.974074
5,23815,1818,0.324889,91.204094,0.090547,111.935646,11.370978,59.058659,2.02776,0.152561,118.635445,0.636821,25256,1587,0.328047,36.413788,0.126015,7.051898,4.084125,4.633706,0.215429,0.911252,295.940063,0.960268,0.602896,2.28392,0.632803,0.942944.1.145558
5,33162,1908,0.32506,93.248558,0.114471,128.900513,9.466627,79.007439,2.206697,0.112917,106.758987,0.591261,34459,1875,0.325622,32.281033,0.123171,5.240794,2.599405,3.685436,0.161437,0.931927,279.206268,0.968773,0.657976,2.124722,0.802809,0.962361.1.0176
5,33581,1815,0.325029,92.299522,0.1281,130.03566,12.03651,81.431961,2.210949,0.107409,110.562927,0.571357,37491,2382,0.323505,56.1236,0.083034,16.224731,10.997183,12.546728,0.420795,0.832733,477.698029,0.92686,0.666316,2.021158,0.818828,0.895708.0.761965
5,34914,1932,0.320871,90.313362,0.117543,123.834793,11.754579,77.288742,2.180774,0.115616,96.310394,0.597561,39129,2793,0.322974,54.60738,0.063033,15.788228,11.147587,12.18924,0.429243,0.830556,478.361023,0.925376,0.654494,2.090909,0.879933,0.892279.0.691729
5,41947,2280,0.325034,90.240158,0.101401,97.155106,5.906392,57.892426,1.755866,0.209352,79.529709,0.698268,56973,5178,0.30939,76.999329,0.026703,37.558735,26.476332,26.695816,0.870289,0.633065,502.114563,0.856414,0.538403,2.039356,0.828466,0.736261.0.440324
5,43530,2223,0.329047,91.014145,0.110693,100.621094,7.953485,61.842533,1.894633,0.197115,72.295876,0.664229,54314,5847,0.298826,67.531876,0.019964,26.745831,19.715767,20.068239,0.667349,0.723281,607.079163,0.890259,0.551711,1.974245,0.659505,0.801451.0.380195
5,34076,1854,0.325958,84.701866,0.124577,110.4468,5.979109,64.947853,1.967245,0.132457,85.435814,0.645932,35983,2217,0.324671,34.255978,0.091997,6.535666,3.718848,4.663664,0.214526,0.912085,290.396759,0.959806,0.631669,1.993548,0.8586,0.947003.0.836265
5,30867,3156,0.317268,81.582077,0.038943,95.958847,5.019736,55.905907,1.847106,0.168466,63.298687,0.669647,33926,1938,0.328368,40.511196,0.11351,10.011868,2.912717,6.394245,0.309309,0.868049,145.427307,0.946751,0.582396,3.415584,0.672723,0.909833.1.628483
5,37977,3291,0.315875,88.589043,0.044063,93.366165,3.865791,56.213657,1.728282,0.216915,63.336151,0.703735,41334,2589,0.313179,39.202515,0.077491,8.641301,2.504325,5.548408,0.260936,0.889973,159.888672,0.952973,0.528118,3.064246,0.822874,0.918784.1.271147
5,30674,2712,0.317674,87.885124,0.052408,90.211922,2.882149,51.301086,1.600996,0.23066,53.959511,0.735425,35148,2814,0.318872,48.981297,0.055778,13.925886,5.677615,9.692434,0.400837,0.837093,235.77771,0.931993,0.514803,2.767347,0.633609,0.87271.0.963753
5,33072,3000,0.318309,88.040794,0.046177,104.347298,4.540793,62.155499,1.869461,0.165214,73.999702,0.672084,37130,2724,0.321748,47.410305,0.062881,13.176625,5.040944,9.45428,0.39353,0.838734,268.489197,0.929726,0.586186,3.151261,0.719581,0.890708.1.101322
5,30591,2109,0.321784,87.076225,0.086427,101.746567,2.557078,55.446995,1.750493,0.173076,41.734322,0.711345,34124,2085,0.323963,45.026558,0.098641,11.95737,4.710301,8.132174,0.364745,0.853446,194.335556,0.936918,0.579606,2.292391,0.544863,0.896466.1.011511
5,48803,2706,0.312539,92.992523,0.083753,105.257309,11.819439,71.508949,1.944592,0.186766,86.854179,0.639731,52499,3183,0.313474,39.690025,0.065116,8.360431,4.44275,6.023984,0.244247,0.900247,273.661011,0.956604,0.562739,2.297114,0.861511,0.929599.0.850141
5,35799,1929,0.327713,86.21685,0.120897,121.0233,6.599238,70.93837,2.079872,0.10922,76.926056,0.623856,37422,1923,0.328869,32.561413,0.127168,5.733668,2.827127,3.942419,0.184776,0.924062,231.265396,0.964513,0.665162,2.078664,0.843942,0.95663.1.00312
5,30208,1701,0.328494,90.048561,0.131197,118.517937,8.564831,71.070496,2.084897,0.128606,87.50016,0.614209,31792,1794,0.328712,34.405643,0.124132,6.370717,3.401406,4.510672,0.203676,0.917536,278.23999,0.961504,0.635851,1.950688,0.77495,0.950176.0.948161
