-1.756056729462094346e-01,-5.481095041320025452e-01,7.780029860296368005e-01,1.108808019482645291e+00,1.185790481075526426e+00,-8.271361663488009386e-01,1.113649902652616985e+00,-9.077314505452861448e-01,-1.148178851387041011e+00,3.609664283028887755e-01,1.144419329703930011e+00,-3.007245957433523631e-01,-7.401546745303553276e-01,4.343973199601586233e-01,9.166071844847010208e-01,-9.714432237027688100e-01,2.883220494464834860e-01,-4.420544850290774042e-01,-1.077980070939768886e+00,7.263419329630965704e-01,1.292325054508113746e+00,-1.245325268671008567e+00,-1.042102593689788748e+00,-4.718368708851470306e-01,-1.094674185889648710e+00,1.104233688142988168e+00,2.454435619381870604e-01,7.267866490751428987e-02,-1.166998260918373109e+00
-6.442367491798294266e-01,2.053255100136442135e-01,7.287573527369343163e-01,-1.743851393654227977e-01,5.997821849781379555e-01,-4.601381800922754173e-01,-2.381053411770145678e-01,-1.153941176693187298e-01,2.734657534385036559e-01,6.032738154079479026e-02,-3.116982178347873500e-01,-7.594223587290505062e-01,-6.492033531550093217e-01,5.156420463831408174e-01,1.451106729604690226e+00,7.258239280175248220e-01,7.824138141799333868e-01,-1.372418436001585085e-01,6.103029565487592123e-01,8.175862434367724418e-01,-1.008362005653062332e-01,8.267532001596222813e-01,1.083079156822435163e+00,3.757385057493840656e-03,6.001569713404559803e-01,-1.221308216680350389e+00,1.110973260900818493e+00,4.023856362048615076e-01,1.177047941776427908e+00
-1.087845831565530021e-03,-8.887161911216953092e-01,9.499384892336004693e-01,1.322617383791757861e+00,1.032413984686511021e+00,-7.153859144783019097e-01,1.352682716422378695e+00,-8.615010713175149659e-01,-1.369108468202043793e+00,1.594476455356901967e+00,1.344181251714932968e+00,-1.641422425840712851e+00,-5.989341613458555313e-01,1.474144381906880907e+00,3.030454814195307836e-02,-1.117962280484380289e+00,1.015633475041445299e+00,-1.436305478960934634e+00,-1.284396262708829006e+00,1.173460552901997023e+00,1.601646088545810365e+00,-8.946908218417622960e-01,-1.683207215928632428e+00,-1.711806965691167748e-01,-1.226762402917067618e+00,1.701083051345483044e-01,9.472692845604008260e-01,-1.108220514365114706e-01,-4.224253493256416303e-01
-6.314413366904284564e-01,-2.529331869705055968e-01,3.300706076975809533e-01,-6.833828458885330415e-01,5.951249588056398698e-01,-3.687061558345943180e-01,-7.553835445132817128e-01,2.750184801652113750e-03,8.317536843288688697e-01,-1.682617054780178312e-01,-9.213577945554316528e-01,-2.057137848469964281e-01,-6.732579973883048297e-01,1.122886130692943712e-01,8.960408980460885520e-01,1.193633273581337528e+00,7.853206747659358111e-01,1.020985990071576754e-01,1.192107877569004604e+00,3.153223782302430056e-01,1.285186041714284910e-01,1.972101055757686128e+00,1.252694729329304701e+00,1.809108581748438555e-02,1.111046527863235767e+00,-1.225595700306273850e+00,5.262570714161568519e-01,-5.564132470472147318e-01,2.076277303908290683e+00
-1.153921888261878470e+00,9.078889912608792967e-01,9.606729306479644404e-01,-3.475050147220909436e-01,1.305095691255213852e+00,-6.480817855108421677e-01,-1.132962406813723816e-01,4.303811926585356940e-01,3.402931961016281703e-01,4.215914082304063615e-01,-2.678020985727995185e-01,2.671014559797758037e-01,-7.549540521463796727e-01,1.144379032911815863e-02,1.020282397178741141e+00,4.640211948858936619e-01,6.491454365447867358e-01,-4.736992165156388435e-01,4.056577952756758032e-01,8.498499677245340278e-01,-9.812250990657471750e-01,3.107492234858465485e-01,7.751063164210889589e-01,-1.488364424531823493e+00,3.985805608499506936e-01,1.396948824182660642e+00,4.442160404639700078e-01,-1.020888970159520515e+00,5.665619528061722754e-01
-9.976891768137449157e-01,6.049909356929683568e-01,3.754798770483801507e-01,-8.195058946787119325e-01,1.126229573075500506e-01,-2.544161255124929299e-01,-5.443106641878892038e-01,8.862640989323905538e-01,9.338260695230491404e-01,6.553510692302435547e-01,-9.768141061067296960e-01,-1.081367462837441895e+00,-4.321029039887424039e-01,1.126743202440852354e+00,8.199796979624074389e-01,1.284505905019372118e+00,-5.515370552475151733e-01,-6.957160451942944190e-01,1.170690868583660116e+00,9.115316452669632863e-01,-1.020587239827836834e+00,1.538694837939964533e+00,1.199809886254372904e+00,-2.895854020346846358e-01,1.155531234191967682e+00,-1.045197804347597792e+00,7.669633994860098891e-01,-1.994259671025348790e-01,1.795343751506482954e+00
-7.762471118955388549e-02,3.922826655578117577e-02,-1.096097687705038792e+00,-1.202012363806183926e+00,-1.229772349312682200e+00,5.684720928066370194e-01,-1.311194112105133147e+00,4.663381542801355306e-01,1.136776213589468787e+00,-1.451279978400344950e+00,-1.069396852330360970e+00,1.580452454820111319e+00,5.071728082925617276e-01,-1.661630922123213505e+00,-1.085227619991526948e+00,5.282852798500835556e-01,-1.254699177512618391e+00,1.554951283674190554e+00,9.130133672350563279e-01,-1.408215092157268478e+00,-9.987390973056725629e-01,3.425934437189741000e-01,7.511503333075487676e-01,-3.514778003268270029e-02,7.391993296309442574e-01,-2.762045119492433809e+00,-1.327289047663879673e+00,-7.676134615509362380e-01,-4.176954578795657458e-01
2.787657807182370995e+00,-4.630222805994728130e-01,-2.262573654732652262e+00,-1.484297448481435522e+00,-1.444294437172198631e+00,1.496761116867260544e+00,-1.546540827142306895e+00,-4.235966458544600521e-01,1.412330523345803446e+00,-1.559951522705386617e+00,-1.347566790622704014e+00,1.705048910628499392e+00,1.796885566409646806e+00,-1.790981953547856165e+00,-1.908500762978190490e+00,2.832697647299284860e-01,1.199477401188519393e-01,1.631179135613416653e+00,8.149991134517269309e-01,-1.813337425067497621e+00,2.443999355070851642e-01,-1.486546122397042636e-03,3.869734637023900525e-01,-5.087688036171500450e-01,6.289736486734206489e-01,-2.511503721760588004e+00,-1.621181041259868172e+00,-4.193149711173096983e-01,-9.660328731978943262e-01
-5.006254616093429588e-01,3.807597899326832236e-01,6.649040259731376912e-01,-4.634658460741372110e-01,3.070231540964170058e-01,-5.947464380271948459e-01,-1.426684228492982598e-01,-4.441434810668027922e-01,4.338391381082655207e-01,5.054342540150261742e-01,-3.586699330025399091e-01,-1.364400796871222954e-01,-5.245575396356825237e-01,1.703870516061984641e-01,2.337263242885806169e-01,2.663226747046151255e-01,-8.770645456320722011e-02,-5.758334762854673272e-01,3.680393490711380555e-01,3.883632091044914025e-01,-1.202426158889765770e-02,-4.218998580526496234e-01,6.483477605334539984e-01,-9.915379829211674600e-01,2.299816711115654499e-01,-1.994079950967903914e+00,-1.672367271068373185e-01,-6.381144021572341396e-01,-4.963436528550130844e-01
-1.550713919965051313e-01,-6.271707525688755558e-01,8.749080636775252717e-01,1.145397670348783148e+00,1.356815413486639477e+00,-7.636417050587446242e-01,1.155790627178941987e+00,-8.486592993098007742e-01,-1.170809741516795954e+00,7.384382157407138880e-01,1.177441221394162296e+00,-9.603420073217544539e-01,-7.354761407564149867e-01,8.312198504679746414e-01,5.625713957105142882e-01,-9.778356749895135147e-01,7.112329972663058442e-01,-7.716871046807578516e-01,-1.114384017281065953e+00,8.049561769027380187e-01,1.531792862570073410e+00,-8.706771475676005068e-01,-1.171973925946128592e+00,1.801691527398485704e-01,-1.069397064952100740e+00,6.582410124765422088e-01,9.576088586061054508e-01,-6.237131959554576693e-02,-4.772040921197294172e-01
-8.592123656713706037e-01,1.389394418452025992e-01,6.856351465053450722e-01,-3.942319364728608666e-01,1.096344998508984592e+00,-5.503003151241554480e-01,-1.514982164741067727e-01,2.971790601785197911e-02,4.489972593305642246e-01,8.117311019217425816e-01,-4.384442560573729719e-01,-1.422629273192337562e+00,-6.829517082252384297e-01,1.172610974014653529e+00,8.516768775621978982e-01,5.623499681635169001e-01,9.295456807637086927e-01,-8.291296010371377312e-01,5.996597917769385111e-01,1.069773555626764017e+00,-3.800463374842887321e-01,8.181686016268301387e-01,9.099702143711161373e-01,1.895367164626201792e-02,4.938501821231658373e-01,-5.056827067590780045e-01,8.856427938111223197e-01,-1.808546172724101730e-01,1.251626230158740194e+00
-1.327587896131477319e+00,1.131079510453957049e+00,2.924078424602382653e-01,-8.998744506137452970e-02,4.290469364916297268e-01,-7.103063575750973024e-01,-8.285678281372446108e-01,8.477387829092478677e-01,2.074378092422863029e-01,-1.798722663102217290e+00,-2.700961445134796302e-01,1.905468989232067756e+00,-8.393292488560523124e-01,-1.916417398448520215e+00,-1.823271251672688997e+00,6.003060135151896404e-01,-1.243220804942253954e+00,2.066412713147217417e+00,1.768121177395715338e-01,-1.860827746852518727e+00,-1.359106719556407050e+00,-5.734064213476026683e-01,4.117199733635124592e-01,-4.955704576022972319e-01,2.970385024115988482e-01,-1.401901611106245671e+00,-1.723824147015186048e+00,-1.300582119134825021e+00,-1.116619417143890791e+00
-1.093107431309775501e+00,3.573822033792842801e-01,7.905449450704753467e-01,-3.756001380463974693e-01,6.789550299106050790e-01,-4.918854107373035744e-01,-2.125553000499087741e-01,6.358495447819632052e-01,4.088906267001617412e-01,4.861142054666961476e-01,-4.510221500997795840e-01,7.015986470795285146e-02,-6.239039366961119937e-01,1.480866781672809385e-01,4.336483444415954458e-01,5.376904814854706061e-01,-5.237355424634477785e-01,-5.348750800698711672e-01,4.694619196427244900e-01,5.148620073965263222e-01,-1.026999745695710953e+00,7.109771280552095174e-01,6.968251456068188521e-01,-1.173095420008656964e+00,1.827879447900691845e-01,9.770383405739188065e-01,3.705072976548751673e-01,-7.526772909503252063e-01,1.040981064595129402e+00
-1.133744646442544024e+00,4.866440352345157705e-01,9.488318457888195168e-01,-8.524169237002879873e-01,9.804714286669273804e-01,-5.617293181563655091e-01,-8.525631000274067617e-01,5.857666339518777798e-01,1.006488002443232332e+00,-1.769721339537443372e-01,-1.062492223861843499e+00,8.305699016323568953e-03,-7.552971589865822288e-01,8.520088101238181000e-02,1.260910678711317567e+00,1.614221613070434103e+00,6.557790414718123184e-01,1.117184393529472991e-01,1.434818437877610320e+00,5.178029150926258817e-01,-9.057450892849981949e-01,1.128954270131561577e+00,1.432332872188608164e+00,-5.690607642005792721e-01,1.478653535674617103e+00,1.373812591786166992e+00,7.685481344660451963e-01,-5.519000880821119948e-01,9.271336774628385902e-01
-7.930749446284223181e-01,2.471010946635554817e-01,3.347185101656548478e-01,-1.352265664349551824e-02,5.255562501427739619e-01,-7.230052498331086541e-01,-7.668499676357406480e-01,-3.555352542135746807e-01,1.486839146814043777e-01,-1.663442549617900834e+00,-2.381200678844384577e-01,1.589093165372905458e+00,-8.429041312711619272e-01,-1.564328597002372145e+00,6.998578330404101600e-01,6.185049637819124424e-01,3.723974017800693592e-01,1.877917176186848502e+00,4.402725737590376109e-01,-7.435747233578241522e-01,-3.523686441731476715e-01,-5.777567246581392091e-01,8.820037813837526830e-01,-4.256645547372104876e-01,6.142849883850247661e-01,-1.316778881948166502e+00,-5.678373616440208355e-02,-4.027833512070722044e-02,-1.085490131580182149e+00
-1.130235876105507353e+00,1.186032284721400876e+00,2.654795186372636007e-01,-5.280523364748430648e-01,1.591309324706423334e-02,-6.023657733820015903e-01,-1.429751744627231647e+00,4.778957490870783253e-01,6.350701294019119869e-01,-1.811002776307151452e+00,-9.603621982086156805e-01,1.600435254385461414e+00,-7.337309819459650884e-01,-1.641635573204071274e+00,8.386171588452019376e-01,1.725939322813662802e+00,-8.636482660044005055e-02,2.076457248703345027e+00,1.327765949766813947e+00,-7.750240183742874711e-01,-1.120120483081362917e+00,-1.353598799986419354e-01,1.475918591517842327e+00,-5.013989055236314218e-01,1.717225372380379644e+00,-1.768528650407912295e+00,-1.194798890600501547e-02,4.412055243570713881e-01,-1.016631711923356995e+00
-1.193323059298645017e+00,1.947533894647220709e+00,-5.057402980298142392e-01,-3.218753607650939763e+00,-1.231287619072155337e+00,9.075325160955377557e-01,-2.606129018529632635e+00,4.629640639181086037e+00,3.404944121450124150e+00,-1.503781191130752148e+00,-3.102916766879714405e+00,1.590018294982412206e+00,4.867312891520120255e-01,-1.458057362371891541e+00,-1.324179635679164191e+00,5.155727013873853792e+00,-3.959082115661965995e-01,1.637835986119640985e+00,4.060938279857543520e+00,-1.540115095596950257e+00,-1.543219140996084704e+00,3.562223921825007356e+00,1.416552843869024025e+00,6.066708749968002801e-01,4.025220914132820127e+00,-2.377728839570603991e+00,-1.396923151428908660e+00,1.073901162492234329e+00,7.086786911394281629e-01
-5.162066325783664505e-02,-7.734752653617686935e-01,9.529633146493309281e-01,1.253243068776565883e+00,7.384739347275539600e-01,-6.823687946074725730e-01,1.215124508183798469e+00,-8.088498060858866356e-01,-1.267412725349210678e+00,-4.425742063693688388e-02,1.273245752725661095e+00,-4.046713399687827672e-02,-6.934549788436862316e-01,2.859051572775013223e-03,1.264317749873644425e+00,-1.040317597348531020e+00,9.753846361583474733e-01,-3.622364333656617058e-02,-1.171180688956034111e+00,6.142265233721680984e-01,1.136752086061425970e+00,-9.120340310397679895e-01,-1.248087384991822812e+00,-5.859433253547935427e-01,-1.137066115047101089e+00,9.607850024888523466e-01,6.956349315292784663e-01,3.284047442138656181e-01,-5.223030570706852505e-01
-1.583439962096948816e+00,6.327075310268126529e+00,-6.050075208005564753e-02,-9.018115483154351963e-01,-7.318502496740730834e-01,-2.213990056416636487e-01,-2.008035205898071052e+00,5.778979233871509358e+00,1.318297025915705634e+00,-2.000076746017130702e+00,-1.726337390607820543e+00,2.130997085437653205e+00,-4.121450739259039375e-01,-2.070769080433804810e+00,-8.572990966577835881e-01,3.452578869999376909e+00,-5.070587243177683057e+00,2.337170724686728818e+00,2.233134072799982661e+00,-1.542665094447977170e+00,-1.643208609963530797e+00,6.692142162740585265e-01,1.857082454466864041e+00,1.341995203826233718e+00,2.460589571964803213e+00,1.004299548868324149e-01,-1.258033913569351903e+00,-1.231762741363102293e-01,-7.322882377813551003e-01
-1.137777194996214769e+00,1.012170803107138584e+00,8.121244922436824387e-01,-4.513628993947005341e-01,1.173534622726847054e+00,-7.903093788005682852e-01,-2.547769161467839522e-02,4.127550082479478077e-02,3.965376821796730011e-01,9.553040205987022304e-01,-3.416220229727783830e-01,5.656777861520254636e-01,-6.852688913124468373e-01,-5.097656918236450480e-02,-8.944451205475981159e-02,4.134639520509639232e-01,-1.543372794168623718e+00,-9.375750291652411583e-01,2.423887296205936293e-01,5.029622213056818003e-01,-9.963819311170862836e-01,-7.441123232530569842e-01,4.466501831001024048e-01,-1.604736451139957998e+00,2.451961186394452930e-01,-4.478825737265786922e-01,-7.235353919306398707e-01,-9.720776812251509247e-01,-8.893646327812695374e-01
-5.826103453728753712e-01,5.126854593686067663e-01,4.655237653386328778e-01,-6.095015170866847631e-01,-7.406719041105633283e-02,-5.566497612531610129e-01,-3.730398763282513630e-01,-3.195782925919748441e-01,5.752163467767290594e-01,-4.157269953140477897e-02,-4.923374676785021165e-01,1.032609202662331249e+00,-4.437173667756957873e-01,-5.074674667862270061e-01,2.921989434790856800e-03,4.375937272679681356e-01,-1.547621282717393409e+00,-4.603113970552875217e-02,4.766458222384040155e-01,-1.369859799128070044e-01,-4.483534652072967974e-01,-6.093689287147048272e-01,6.797293250756865080e-01,-1.214716531744064909e+00,2.807680029667940502e-01,1.105763969248467093e+00,-7.802238355845751983e-01,-3.572724328702509000e-01,-8.957444863596973894e-01
-4.591709907877933317e-02,-5.848403337488065068e-01,7.772652237331181269e-01,1.113595844097131193e+00,8.996050469444610842e-01,-6.722096808010635804e-01,1.166790619530315931e+00,-8.011447428812581428e-01,-1.141357696837006719e+00,1.418418411303002724e+00,1.139499500787028774e+00,-1.729938826878330671e+00,-5.849820475597193870e-01,1.784040891582395538e+00,8.403254383923119963e-01,-9.692098083866712566e-01,6.570461345477650594e-01,-1.314190791039634654e+00,-1.058044748773058430e+00,1.647476258692929685e+00,1.376980270313252097e+00,-7.332075629546453976e-01,-9.714391105702563367e-01,6.453632069414756423e-01,-1.070912706038474438e+00,1.305920693049253734e+00,1.282561543396995241e+00,2.510262772585424296e-01,-2.242098984924163207e-01
-7.310644442806984999e-02,-8.326334981936955870e-01,8.893682046893154336e-01,1.142168345828747045e+00,1.113391783303056437e+00,-6.404624501560354233e-01,1.215040291516797044e+00,-7.574827180550297578e-01,-1.175116866205571098e+00,1.746531104045043969e+00,1.185155513135861982e+00,-1.306655025344557020e+00,-6.027314976463713503e-01,1.344948496363376655e+00,1.739689411044194334e-01,-1.015018359991704644e+00,9.281295179141187957e-01,-1.523842075454503009e+00,-1.129493092938740784e+00,1.448170815089629748e+00,1.519373384802253923e+00,-4.230599389354593454e-01,-1.217685308217821616e+00,-1.003600484919283664e+00,-1.106793363555508503e+00,1.081367108804727417e+00,1.048978149728250431e+00,-8.327289288725590044e-01,3.647165852817725318e-01
-8.371429976992128541e-01,2.645088832952163793e-01,6.918323497961123003e-01,-1.205256225877916337e-01,7.308753025513730073e-01,-3.839448265442078623e-01,4.968244458123358825e-02,2.852691689713650058e-01,1.892272675726319464e-01,9.351686123072103785e-01,-1.887306082203804303e-01,-1.719466359698713642e+00,-5.901674314696577772e-01,1.528836998957833648e+00,1.189166616726686554e+00,4.332445519330199168e-01,7.230840442707754390e-01,-9.284490204593790486e-01,3.704707604136144306e-01,1.426199759404217282e+00,-5.590388925788651875e-01,1.367582907725526598e+00,8.016054349413127555e-01,1.253261151294094544e+00,3.260336538220814928e-01,1.050181732619943409e+00,1.754741630898747795e+00,7.573210108558176001e-02,2.261843045060150104e+00
-1.257488737718566174e-01,-6.733063291448425636e-01,8.784862108156472615e-01,1.169505279917914864e+00,1.301262950098899474e+00,-7.890394895747672166e-01,1.194478468358218803e+00,-8.871846153329434603e-01,-1.197530551549518707e+00,9.747632769080594173e-01,1.203856485681702670e+00,-7.118891993925885453e-01,-7.056657042242100442e-01,8.645134177704368872e-01,7.758757242649040320e-01,-9.979948465478672981e-01,8.553089334904374619e-01,-9.664049203042150982e-01,-1.121671066702510933e+00,1.160444465349800947e+00,1.558177916358441495e+00,-1.034654580352758257e+00,-1.143204644726480090e+00,-2.997390108898765337e-01,-1.130102848878830279e+00,9.358218706228209616e-01,7.274329675832942321e-01,-2.324190779886514402e-01,-7.541777354038922132e-01
1.240219405675601960e+00,-4.613478440525357049e-01,-1.138998565247669958e+00,-2.422977843207313242e+00,-1.465708764214163518e+00,2.218058197122300346e+00,-2.532303392595430580e+00,5.703565075426206832e-01,2.298703972508927329e+00,-2.312876585046135691e+00,-2.227423371459503532e+00,2.481214150412576647e+00,1.646788442979402189e+00,-2.659425799020112002e+00,-1.544658712513915289e+00,1.161902847981641784e+00,2.566447225477475058e-01,2.714991435762545535e+00,1.948394672810858319e+00,-1.917999993491646515e+00,-6.722335613769929719e-01,2.149999459136560986e+00,7.811161965933884899e-01,-7.141677118093369137e-01,1.407551367519411123e+00,-2.189173938600343483e+00,-1.629800716036580166e+00,-5.815193290878114540e-01,-1.710811178306805569e-01
-9.681239277953768152e-02,-7.016597563740114563e-01,9.215346408175845161e-01,1.184753307869037986e+00,1.234747064333795663e+00,-8.258662771229998700e-01,1.190818282446247878e+00,-9.359833489622574332e-01,-1.212591623824967435e+00,6.861855882978560306e-01,1.212672819100786503e+00,-8.137459693992949994e-01,-7.209940157759939794e-01,8.540890921377340961e-01,8.522274357870387451e-01,-1.019123229879635106e+00,9.120299823608755130e-01,-7.309064878555358025e-01,-1.133290835468113045e+00,9.578615969431991672e-01,1.590164408078825753e+00,-1.233144419401506209e+00,-1.173250728211327809e+00,2.670268486903875083e-01,-1.124325026916774162e+00,6.943880049328350346e-01,6.807994676736150996e-01,-2.376941201953818583e-01,-1.114529465109578066e+00
-5.101712742979653825e-01,2.501045655714099203e-01,7.903605044963462056e-01,6.134998408162053440e-01,1.273898960913121048e+00,-6.887182407364782488e-01,8.203750771289887167e-01,-5.610036063370021919e-01,-6.297503093815310926e-01,1.758005800918318373e+00,6.716434501054938666e-01,-2.278022612734583507e+00,-6.337059120148053060e-01,1.829140321649604273e+00,5.665674286315358632e-01,-4.786063247218660943e-01,5.283243850086662974e-01,-1.541728657452680951e+00,-6.024011068901978794e-01,1.800577661041234512e+00,4.007586260166347003e-01,-4.190576598897657323e-01,-2.025599966152017983e-01,3.265508974994171254e-01,-6.191318483263922312e-01,9.120654361923894449e-01,1.594710649199311714e+00,2.014667255133778534e-01,1.207421846446505853e-01
2.585222057406716623e+00,-1.228994352274444118e-01,-1.587484265302117281e+00,-9.981015811780514779e-01,-1.399549412510112001e+00,1.666926273124611502e+00,-5.143230525303408296e-01,-3.015998117811749535e-01,8.262473119397325538e-01,5.270078491878282118e-02,-7.684326438333174414e-01,-5.109325456155053846e-01,1.999627775325864221e+00,2.304617531528457552e-01,-1.025391041620744570e+00,6.550742911791493893e-03,2.341351867279426457e-01,-2.176968943771651066e-01,3.765415012598227196e-01,-6.930824937968481647e-01,1.177212622753244925e-01,3.679992150525076000e-01,2.940202683698731057e-01,2.837398772355992360e-01,3.409234587599251909e-01,6.115775507491150176e-01,-8.006211097067078564e-01,9.534289129630355575e-01,3.004780595955330313e-01
1.294628906857514306e+00,-1.539892347599886302e-01,-1.304515536471910098e+00,-1.202040444888969217e+00,-1.312421401340410965e+00,8.376886086764758765e-01,-8.972238463586095225e-01,-2.605061413564894179e-01,1.111853119762683306e+00,-5.096587959866912820e-01,-1.043077173290350546e+00,3.428880735905786570e-01,1.157234231229123500e+00,-4.522835544450010126e-01,-1.514196771285402088e+00,2.276234050422089317e-01,-1.424150614894945377e-01,3.886987295555461297e-01,6.714853528777642300e-01,-1.245615938272882195e+00,-2.091137700022972223e-01,-4.734772594264336464e-03,4.569639932727784792e-01,-2.057536062872510341e-01,5.808004969681223040e-01,-2.179722598909235032e+00,-1.280744010415038270e+00,-1.419343437778309291e-01,-4.772040921197294172e-01
-1.282680838795431932e-01,-1.383888669194725862e+00,5.817582151553436498e-01,5.105265102512563935e-01,-3.644196163806727173e-01,-4.169619464150371435e-01,4.833205411750918223e-01,-4.993631006999739719e-01,-5.343188449789496586e-01,1.269283517809960682e-01,4.998767602970576873e-01,1.722515357655990398e+00,-2.744261895768158044e-01,-8.601768517569313710e-01,-5.232352754319000709e-01,-9.457011375848208834e-01,-2.730747180859254275e-01,-2.105560888638118300e-01,-6.311323462189256661e-01,-3.637994877320742670e-01,-1.525417814762287383e-01,-7.910955990068517796e-01,-5.048228993928486341e-01,-2.381426002658599383e+00,-9.938935752859924255e-01,1.511099705059652409e+00,-1.074599071417190244e+00,-2.472290965283829411e+00,-6.890592299137315857e-01
-1.196411485467464286e-01,-1.022628571190204561e+00,8.244451225955647944e-01,1.295041760498934602e+00,1.224563560214983804e+00,-7.966588249295739610e-01,1.300649772626000233e+00,-8.974580329391148581e-01,-1.321254094648110167e+00,9.580484021732457167e-01,1.312351364287992705e+00,-1.017181970529856150e+00,-6.926281829257725509e-01,8.012951651559543365e-01,-3.213051054489375336e-01,-1.103972789887124994e+00,7.326990446706260762e-01,-9.594418941812357104e-01,-1.266136561480311729e+00,3.533647261084490454e-01,1.439331117882305833e+00,-1.135639621201346872e+00,-1.660069073866525580e+00,1.029603819902853989e-01,-1.212164708298540949e+00,1.254545044129183884e+00,1.364721255412767176e-01,-6.909312353545573604e-01,-8.914545848155820407e-01
8.771794805814978613e-01,4.168990409573231082e-02,-1.402158376416319241e+00,-7.573343773973389981e-01,-1.355584306106577541e+00,1.334215295964716219e+00,-5.827782463919337630e-01,2.672906881605650597e-01,6.351972173085014273e-01,-6.492444066513607392e-01,-5.645155748856414135e-01,5.019918638335711947e-01,1.371472943123810184e+00,-5.389103653636769797e-01,-1.272428517963009931e+00,-1.662393654123381359e-02,-1.711150824401686199e+00,5.472186859723094932e-01,2.564806057485792823e-01,-1.181878792655022048e+00,-8.244862204612638523e-01,3.906787963114381479e-01,2.745565733179680112e-01,-2.263920608700587811e-01,2.009053590535736789e-01,1.529483302304768033e+00,-1.176124094429800593e+00,2.581077944395187007e-01,2.703387513112356921e-01
-6.430949489151944753e-01,-7.925452190835579058e-01,5.430625827028761066e-01,-2.240886558911815429e-01,3.847475794058585752e-01,-4.347403955762528804e-01,-4.541081356245489364e-01,-7.943715604771890704e-02,3.274111037518850353e-01,-4.093596041663092877e-01,-4.145760574833834977e-01,3.303063109012849274e-01,-6.508698720931362924e-01,-4.008748585448162483e-01,-2.192485210271768181e-01,3.186543327534924752e-01,6.860402055209583461e-01,3.593947600422416899e-01,2.644336631205115307e-01,-4.673641720266742960e-01,-1.872149357341416354e-01,8.032035582385844696e-01,3.438009085560155831e-01,-6.464576598799013363e-01,1.126737034831385431e-01,-6.759214237487805033e-01,-5.214967117874333979e-01,-1.392941553457630377e+00,9.295536219236215647e-01
2.544834950903344328e+00,-4.337312095013201030e-01,-1.702870288477830396e+00,-1.046457205730230600e+00,-1.344799150759739881e+00,1.063728890869076293e+00,-7.275661315823008790e-01,-5.391725939238880549e-01,9.224389930926393255e-01,-3.169455376669907398e-01,-8.884596014208226977e-01,8.357424404580206245e-02,1.416129618017875291e+00,-3.029445620003182182e-01,-1.063229301274539962e+00,1.178948708239181825e-01,6.536920646408388436e-01,1.738325830230426916e-01,5.210441751175390879e-01,-9.022842618939004300e-01,7.425984151076224782e-01,4.358259617476165776e-02,3.756380738525498808e-01,2.756505052559667379e-01,3.304941455257204841e-01,1.340699196235008328e+00,-1.063564797651634253e+00,3.172691042581619603e-01,-2.884484241786557934e-01
-8.597252695997702476e-01,-4.967443980371730877e-02,7.406722138257314514e-01,-4.214986678550709520e-01,7.500390083329440127e-01,-3.953738295764179789e-01,-4.921870255193572796e-01,3.058160041837077459e-01,5.823609978162636036e-01,9.222584563911777333e-02,-6.543713302239054785e-01,-7.406052224716819232e-01,-6.800134855983854809e-01,5.452638278319857923e-01,1.259200462851575608e+00,1.058467296425469995e+00,7.152578811546156379e-01,-1.591975983113401438e-01,9.596681385710651435e-01,7.286996642547334258e-01,-4.650817413843600368e-01,1.787648195390936223e+00,1.218782178733835986e+00,3.618640751466156713e-01,9.633698555475230796e-01,-3.904869202814302831e-01,1.046530422747077083e+00,-5.675709318085787602e-01,2.185614794545486017e+00
-5.367480347433725152e-01,2.427470671486543274e+00,-1.607994057145370581e+00,-5.064584808250995746e-02,-1.250585025126620842e+00,9.164217406761456797e-01,-2.519233527703498288e-01,1.631086875379815337e+00,4.333035080800731742e-02,-9.910491770316151028e-01,-4.153494968834822720e-02,7.806779074014221775e-01,7.210813404493453538e-01,-7.910556677600750763e-01,3.952265447044729374e-01,3.694917947896775301e-01,-1.586081284316800177e+00,9.770991285292950357e-01,7.566793808935270982e-02,-4.878614892443518536e-01,-1.416717888875292930e+00,3.495539290158325985e-01,5.083858301619352815e-01,5.053584599871808969e+00,1.867593755807502864e-01,-4.397599912403462458e-02,1.741944555454994492e-01,4.762025343341016459e+00,5.024334245954229505e-01
-7.947187745332220388e-01,9.844730746584338943e-02,-1.134424439009248164e+00,-1.630136551914500131e+00,-9.922315311364650059e-01,9.099374390541345448e-02,-1.498032026949668527e+00,1.006976755804904311e+00,1.532832965684656656e+00,-1.289858636077347409e+00,-1.439457949467159770e+00,1.376461375923848651e+00,3.950633525260296292e-02,-1.482651678481931690e+00,-1.644179953719971499e+00,7.566030658929964181e-01,-1.937587810562531265e+00,1.357942089241469308e+00,1.131415190012887262e+00,-1.603018143328019951e+00,-1.248421292184838993e+00,4.368500154472660935e-01,6.805195069607598013e-01,-9.502865158786926170e-01,1.105388689903118671e+00,-2.937845430808216474e+00,-1.560724171464283883e+00,-1.364602848171484917e+00,-4.821539785167855419e-01
-1.942405782176003237e-01,-5.324489591760921403e-01,6.811716846114003188e-01,1.078283882497617086e+00,1.207293941632754164e+00,-7.852298218973637889e-01,1.127584521938723494e+00,-8.550801853136579256e-01,-1.102588953259609150e+00,1.194870633915689817e+00,1.103604429009325205e+00,-9.806393509543334108e-01,-6.696459495540836304e-01,1.141360160813850610e+00,3.222036127706045527e-01,-9.405234509798068299e-01,4.281494971218413048e-01,-1.144500362927708847e+00,-1.071548039872381342e+00,1.030201044206957572e+00,1.243635632483661713e+00,-1.051533757197640195e+00,-1.100653860746638291e+00,-2.708201237680851747e-01,-1.053928366960026786e+00,1.043211201064588867e+00,7.251792759857679238e-01,-7.041951841494090147e-02,-8.148963418744473719e-01
-1.007633841714491163e-01,-6.442208104402935565e-01,8.742440776106588096e-01,1.117260425400302459e+00,7.743501746209601189e-01,-6.303033363496264307e-01,1.168857166974420547e+00,-7.343675284411441684e-01,-1.138642637014415149e+00,1.377749858259941895e+00,1.142479511445265050e+00,-1.573813953977951652e+00,-5.587071735064628175e-01,1.528711404673102736e+00,6.163782320035925411e-01,-9.818588033344349819e-01,8.856446324264021230e-01,-1.281420123414038548e+00,-1.079849073335523046e+00,1.426215283142488577e+00,1.049156748988804067e+00,-6.341366555626929413e-01,-1.060614589388263473e+00,1.584851247502927496e-01,-1.081376195159863496e+00,1.239464696847436320e+00,1.116806231845481667e+00,-3.235659416139390065e-02,-4.469401849251415648e-02
-7.580508029162776051e-02,-5.273108786814482141e-01,8.619234472587763429e-01,1.274486407901842311e+00,9.633800771152238873e-01,-6.772892377042680767e-01,1.275728117398826633e+00,-7.934396796766296500e-01,-1.299794723948188180e+00,8.775266558302847741e-01,1.290647890437440326e+00,-1.382275119625647974e+00,-6.485995497517642594e-01,1.166770839774644575e+00,9.277159391381274434e-01,-1.058674318641640077e+00,6.836550891427024546e-01,-8.928141293222026098e-01,-1.207961500538474731e+00,1.182931636454449764e+00,1.301449568786511968e+00,-7.427782302378258539e-01,-1.372127286089982912e+00,7.801585109686117736e-01,-1.154350839203620138e+00,7.208941846641869766e-02,1.427913808130695017e+00,5.976259955829515969e-01,-1.824108578061645891e-01
-3.168844256903704526e-01,-3.351781117577697922e-01,-2.289318843755473176e-01,-1.124017156376638793e+00,-8.160368548400906974e-01,-9.694986151315326817e-02,-1.015975825035326352e+00,2.750184801652113750e-03,1.117713027601059395e+00,-7.492055224806759561e-01,-1.050718370430998805e+00,8.642356137320822418e-01,-6.468287750682466530e-02,-1.026463684741244498e+00,-1.577301845377863110e+00,4.137716154007958225e-01,9.490401814714569118e-02,7.134917991359360778e-01,7.135384092022273306e-01,-1.359118865064826487e+00,-6.321110444250367388e-01,7.676090942312044363e-02,4.842158116302037185e-01,-2.175046869126975868e-01,6.405104760228309546e-01,-1.272211972748510167e+00,-1.347467687437887474e+00,-1.686431337981712630e+00,-4.725841981491437083e-01
-1.014393895923491051e+00,2.176228410110102318e-01,8.696330632574098551e-01,-1.018376122947315832e+00,8.472836734850087703e-01,-4.360102848020540600e-01,-7.371214841843497512e-01,5.536622039325922451e-01,1.025733732879287929e+00,2.855357086489366258e-01,-1.093523693338839475e+00,-1.023306328544790977e+00,-6.813562883497592537e-01,7.759657530852803742e-01,1.291026213610086293e+00,1.521678630953126277e+00,9.127007963422631986e-01,-3.513277361415765854e-01,1.499626246676378782e+00,9.084651008679309747e-01,-7.176026740390281100e-01,1.871290027041519144e+00,1.474589055888740452e+00,8.016756973429585154e-01,1.498365257909092474e+00,-5.083320480562288912e-01,1.311019944984026964e+00,-3.890891302296416165e-02,1.975409618883835927e+00
-1.338774042272340981e-01,-7.202576698146877510e-01,8.208300873426178645e-01,1.144021697292419759e+00,1.266768279692071841e+00,-7.687212619619491205e-01,1.173819472122331620e+00,-8.627852485182864184e-01,-1.171715531687396838e+00,1.002525281821562642e+00,1.178155299419816560e+00,-1.052484916428638728e+00,-6.992166960644831120e-01,1.010875086877075280e+00,1.449722076440314311e-01,-9.887940315979317774e-01,7.988860241672777196e-01,-9.911360088317899830e-01,-1.134367521525667000e+00,7.258738746580535306e-01,1.500237250690613200e+00,-9.526948659822496168e-01,-1.257407963978715015e+00,1.559683116457943053e-01,-1.095237492925676959e+00,1.540228976675400485e+00,4.968775348210398013e-01,-3.574286527552670845e-01,-6.159109087127910831e-01
1.291469926125357714e+00,-5.705270567899594081e-01,-4.977355771125744899e-01,-3.899776524312500992e-01,-1.152404458064293369e+00,3.894177119686781929e-01,-8.763607006665020960e-02,-5.173415815107738069e-01,3.864700092885818838e-01,5.593474311787135500e-01,-3.307534180626438003e-01,-7.900441488037273086e-01,8.203889562028762183e-01,5.017158565761646871e-01,-1.682046870800710581e+00,-3.071363349092621209e-01,-2.599565780055073105e-01,-6.584218797469610918e-01,-1.679432100672069716e-01,-8.714743337400741030e-01,2.840662267451213863e-01,-3.599515389106091034e-01,-2.472509624457002730e-01,-3.154135604665238568e-01,-2.002737052587893474e-01,8.741173760750687791e-03,-1.190827930422689196e+00,-7.427966368766529826e-01,-3.725964929286099681e-01
-3.755113383259421900e-01,-5.728311469263146494e-01,8.246295631696960449e-01,1.076079517499158644e+00,1.195394617345127530e+00,-6.722096808010635804e-01,1.152674610499899943e+00,-6.316333523794304128e-01,-1.106373862186762480e+00,1.413496422609527903e+00,1.117812894921333067e+00,-8.981918001550825981e-01,-6.485774659520022745e-01,9.289100402916627974e-01,7.618618592252147936e-02,-9.564716527839627336e-01,6.152320630414319647e-01,-1.294338759114544990e+00,-1.089199109514281449e+00,1.034602004455439594e+00,6.279336856757526952e-01,-5.065277584536207467e-01,-1.144678680112548808e+00,-1.155306238581768508e+00,-1.065915771926543965e+00,1.180181471994649067e+00,7.374337207969253738e-01,-5.710888154542820283e-01,1.751909350122679565e-01
3.497647335546088865e+00,-3.929733165798972583e-01,-2.302265266285423717e+00,-1.361091697771396269e+00,-1.493941805173756743e+00,2.364095458089429780e+00,-1.663284562221304164e+00,-2.810529765688321580e-01,1.303702712860821844e+00,-1.926236972203493991e+00,-1.250514028411717771e+00,1.911722865392335269e+00,2.440487208601231028e+00,-2.083631412770115876e+00,-1.707355251417194797e+00,3.104338254169460853e-01,1.840477427845301495e-01,2.104892074530376966e+00,7.922594335773874841e-01,-1.852623548932906372e+00,-2.899747310499554715e-03,2.614457859664322537e-01,4.417483067291384513e-01,-5.457496635090390846e-01,7.348618824564548957e-01,-2.612219854904130889e-01,-1.524005458408234315e+00,5.566363082326748479e-01,-7.991667028793578709e-01
-3.770011158140849084e-01,1.762515202395159852e-01,-3.822033072515491209e-02,-1.860668698031144874e-01,3.160033557591764297e-01,-7.026870222202905580e-01,-5.726463335311857694e-01,-6.675903140010303050e-01,2.916693630405264304e-01,-1.072187414887698864e+00,-2.958872933612749501e-01,7.050208079359499003e-01,-7.120053706436525465e-01,-7.196590108398509544e-01,1.152914390749210538e+00,5.931544492001143976e-01,5.787845033861840349e-01,1.113080608899762014e+00,5.419435407780595071e-01,-1.742601569136037476e-01,5.082504733907642347e-01,-7.608754920096578722e-01,9.948217296804012788e-01,4.850352645282086095e-01,6.315151331396225975e-01,-1.597831523219211514e+00,-5.439831269156633620e-02,2.876676958707088394e-01,-1.207257336947762827e+00
-1.450293364570909960e+00,1.831505297774022045e+00,3.990869647630282402e-02,-1.290874950272717925e+00,-9.606088530223146071e-02,-3.598169312539864495e-01,-1.193731296254049834e+00,2.980757113390580137e+00,1.385216896147259069e+00,-6.371035012074542925e-01,-1.380768607484755606e+00,5.306893843204717465e-01,-5.167242542713705866e-01,-4.297689319321296164e-01,-1.099879891304034407e+00,1.738819820316165554e+00,-3.146394605018271395e+00,6.068834247083636502e-01,1.269547529979075939e+00,-1.077938332227467377e+00,-1.532979408305882529e+00,9.391070336597463486e-01,9.320141822150660449e-01,5.184764890381959868e-01,1.505471178651232256e+00,-4.076031481528454847e-01,-9.895701763906736836e-01,-4.699793765464079787e-01,3.448070422180578576e-01
