9.185339999999999616e-01,2.193706050000000118e+02,3.222659999999999969e-01,9.715660000000000407e-01,1.209270000000000067e-01,1.353000000000000000e+03,9.681250000000000133e-01,1.473000000000000000e+03,1.309259999999999868e-01,6.025239999999999485e-01,9.391760000000000108e-01,6.925780000000000269e-01,1.978069999999999995e+00,1.826273999999999953e+00,8.041088899999999740e+01,1.687929999999999930e+00,3.224699999999999789e-01,1.536039999999999905e-01,3.492287000000000141e+00,9.836505099999999402e+01,1.053850000000000064e-01,1.819600000000000000e+04,2.459959800000000030e+01,5.935664000000000051e+00,2.016931000000000029e+00,9.416719999999999535e-01,4.277128199999999936e+01,8.489392100000000596e+01,1.761600000000000000e+04
5.780499999999999527e-01,4.800390320000000202e+02,3.273710000000000231e-01,8.591889999999999805e-01,1.017070000000000057e-01,2.544000000000000000e+03,7.636159999999999615e-01,4.401000000000000000e+03,8.799540000000000139e-01,6.235829999999999984e-01,6.386669999999999847e-01,5.842870000000000008e-01,2.193103999999999942e+00,2.193614000000000175e+00,9.953324899999999786e+01,2.939520299999999864e+01,3.114489999999999759e-01,1.379130000000000078e-01,4.077576100000000281e+01,1.278640139999999974e+02,4.450500000000000289e-02,6.859600000000000000e+04,8.361069500000000687e+01,1.416711899999999957e+01,3.497597499999999826e+01,7.457249999999999712e-01,8.766064500000000237e+01,1.037044139999999999e+02,5.238100000000000000e+04
1.463208999999999982e+00,2.225042880000000025e+02,3.002449999999999841e-01,8.864440000000000097e-01,2.188000000000000014e-02,3.639000000000000000e+03,7.558430000000000426e-01,2.487000000000000000e+03,6.688190000000000524e-01,4.225220000000000087e-01,7.213659999999999517e-01,7.918640000000000123e-01,3.879531000000000063e+00,1.307541999999999982e+00,8.267056999999999789e+01,7.194740999999999609e+00,3.112530000000000019e-01,3.234580000000000233e-01,2.582633399999999924e+01,7.034661900000000401e+01,6.197699999999999737e-02,3.050500000000000000e+04,6.510733000000000459e+01,1.554041000000000006e+00,1.354874500000000026e+01,6.319169999999999510e-01,2.976710699999999932e+01,4.405757899999999694e+01,2.305700000000000000e+04
1.007034999999999902e+00,4.126686710000000176e+02,2.758849999999999913e-01,7.682200000000000140e-01,1.106700000000000045e-02,5.583000000000000000e+03,4.981220000000000092e-01,5.544000000000000000e+03,1.348063999999999929e+00,3.036340000000000150e-01,4.610620000000000274e-01,8.029319999999999791e-01,4.637043000000000248e+00,1.136022000000000087e+00,5.551221799999999718e+01,2.974574499999999944e+01,3.046769999999999756e-01,4.737669999999999937e-01,5.042347300000000132e+01,3.636858699999999800e+01,2.253000000000000141e-02,5.510700000000000000e+04,7.692639200000000699e+01,8.043703000000000713e+00,4.336814499999999839e+01,5.964760000000000062e-01,2.074970400000000126e+01,6.675252500000000566e+01,2.745000000000000000e+04
3.198940000000000117e-01,8.207325439999999617e+02,2.955940000000000234e-01,7.954890000000000017e-01,3.747600000000000237e-02,3.975000000000000000e+03,5.373959999999999848e-01,1.242600000000000000e+04,1.266251000000000015e+00,3.740919999999999801e-01,4.435870000000000091e-01,7.526429999999999509e-01,2.799296000000000006e+00,1.463613999999999971e+00,8.605523700000000531e+01,5.487866199999999850e+01,2.865039999999999809e-01,3.868190000000000239e-01,6.481311800000000289e+01,6.638068400000000224e+01,7.135999999999999982e-03,8.768400000000000000e+04,9.434280400000000100e+01,2.383187699999999865e+01,6.058192400000000077e+01,7.598479999999999679e-01,4.852112199999999831e+01,1.195234219999999965e+02,4.712100000000000000e+04
9.204769999999999897e-01,3.145965879999999970e+02,3.271410000000000151e-01,9.635420000000000096e-01,1.321430000000000105e-01,1.389000000000000000e+03,9.495460000000000012e-01,1.509000000000000000e+03,1.825990000000000113e-01,5.564149999999999929e-01,9.223660000000000192e-01,7.053399999999999670e-01,1.813315999999999928e+00,1.715092000000000061e+00,9.008558700000000385e+01,3.140035999999999827e+00,3.254279999999999951e-01,1.923239999999999950e-01,5.546129999999999782e+00,1.005421300000000002e+02,1.179110000000000019e-01,2.136600000000000000e+04,3.181148900000000168e+01,4.529099000000000430e+00,4.035489000000000104e+00,7.531449999999999534e-01,5.058148200000000116e+01,1.014423900000000032e+02,2.028800000000000000e+04
3.466810000000000169e-01,6.538774409999999762e+02,3.148869999999999725e-01,9.328049999999999953e-01,1.065799999999999942e-01,1.974000000000000000e+03,8.278809999999999780e-01,5.694000000000000000e+03,4.380859999999999754e-01,3.947939999999999783e-01,8.238769999999999705e-01,7.400250000000000439e-01,1.692967000000000111e+00,1.493030000000000079e+00,6.352532200000000273e+01,1.361773699999999998e+01,3.013689999999999980e-01,3.620740000000000069e-01,1.532116000000000078e+01,5.086477299999999957e+01,1.547300000000000064e-02,3.992000000000000000e+04,5.259607299999999697e+01,1.291845900000000036e+01,1.404850000000000065e+01,4.136380000000000057e-01,2.954149999999999920e+01,5.989358899999999863e+01,3.304900000000000000e+04
9.123869999999999481e-01,2.330668489999999906e+02,3.187849999999999850e-01,9.515550000000000397e-01,8.176999999999999547e-02,1.812000000000000000e+03,9.242519999999999625e-01,1.986000000000000000e+03,2.507300000000000084e-01,5.264649999999999608e-01,8.925950000000000273e-01,6.895120000000000138e-01,2.248139000000000109e+00,1.766507000000000049e+00,8.200100700000000131e+01,3.141589999999999883e+00,3.081269999999999842e-01,2.171190000000000064e-01,7.944900999999999769e+00,8.549379000000000417e+01,7.364900000000000613e-02,2.311600000000000000e+04,3.751367599999999669e+01,7.625104999999999578e+00,4.988024000000000235e+00,5.843770000000000353e-01,4.229094299999999862e+01,8.210263799999999890e+01,2.136500000000000000e+04
1.310680000000000067e+00,3.034433900000000222e+02,3.231069999999999776e-01,9.748299999999999743e-01,5.748700000000000337e-02,2.430000000000000000e+03,9.669600000000000417e-01,1.854000000000000000e+03,1.299659999999999982e-01,5.637569999999999526e-01,9.432030000000000136e-01,6.640859999999999541e-01,2.761363999999999930e+00,1.986280999999999963e+00,7.659277299999999400e+01,2.021767000000000092e+00,3.263130000000000197e-01,1.838079999999999992e-01,3.466127999999999876e+00,8.564314299999999491e+01,1.021299999999999986e-01,2.793600000000000000e+04,2.548753900000000172e+01,2.209681499999999943e+01,2.398280000000000189e+00,5.604740000000000277e-01,4.980248600000000181e+01,1.722016140000000064e+02,2.701300000000000000e+04
1.299946000000000046e+00,4.843111880000000156e+02,2.458819999999999895e-01,7.483680000000000332e-01,7.400000000000000328e-03,7.242000000000000000e+03,5.211350000000000149e-01,5.571000000000000000e+03,1.446074000000000082e+00,3.549120000000000053e-01,4.303000000000000158e-01,7.682350000000000012e-01,6.137287999999999855e+00,1.299547999999999925e+00,6.397914099999999848e+01,3.255234500000000253e+01,3.066579999999999862e-01,4.024469999999999992e-01,5.510094800000000248e+01,4.712095599999999962e+01,2.399499999999999897e-02,5.926100000000000000e+04,8.027559700000000475e+01,1.035294599999999932e+01,4.758397300000000030e+01,3.822320000000000162e-01,2.727130700000000019e+01,9.985083000000000197e+01,3.088300000000000000e+04
9.832290000000000196e-01,2.052825009999999963e+02,3.258309999999999818e-01,9.759830000000000449e-01,1.287389999999999923e-01,1.407000000000000000e+03,9.688529999999999642e-01,1.431000000000000000e+03,1.139679999999999999e-01,5.173330000000000428e-01,9.493869999999999809e-01,7.105489999999999862e-01,1.776515000000000066e+00,1.689753000000000061e+00,8.274514000000000635e+01,1.629901000000000044e+00,3.263639999999999874e-01,2.273900000000000088e-01,2.932199000000000222e+00,8.525829299999999478e+01,1.284579999999999889e-01,2.093300000000000000e+04,2.256848499999999902e+01,7.542816000000000187e+00,1.610003999999999991e+00,7.535070000000000379e-01,3.967918399999999934e+01,8.440018499999999335e+01,2.028100000000000000e+04
8.501410000000000355e-01,2.736610109999999736e+02,3.125390000000000112e-01,9.566040000000000099e-01,8.375299999999999412e-02,2.706000000000000000e+03,9.295989999999999531e-01,3.183000000000000000e+03,2.442469999999999919e-01,5.627389999999999892e-01,9.002470000000000194e-01,6.397310000000000496e-01,2.297114000000000100e+00,1.944592000000000098e+00,9.299252300000000560e+01,4.442750000000000199e+00,3.134739999999999749e-01,1.867659999999999876e-01,8.360431000000000168e+00,1.052573090000000064e+02,6.511599999999999333e-02,5.249900000000000000e+04,3.969002499999999856e+01,1.181943899999999914e+01,6.023983999999999561e+00,8.615110000000000268e-01,7.150894900000000121e+01,8.685417900000000202e+01,4.880300000000000000e+04
1.562295999999999907e+00,3.985116269999999759e+02,2.648449999999999971e-01,8.228999999999999648e-01,8.675999999999999684e-03,7.185000000000000000e+03,6.349559999999999649e-01,4.599000000000000000e+03,1.025352999999999959e+00,3.733239999999999892e-01,5.937019999999999520e-01,7.495600000000000041e-01,5.813106999999999580e+00,1.408536000000000010e+00,6.440038300000000504e+01,2.025252300000000005e+01,3.030559999999999921e-01,3.808139999999999858e-01,3.646448099999999926e+01,4.922258800000000178e+01,3.334999999999999770e-02,5.613300000000000000e+04,7.046304299999999898e+01,9.250178000000000011e+00,2.987695899999999938e+01,6.940039999999999543e-01,2.596102499999999935e+01,9.417389699999999664e+01,3.564200000000000000e+04
5.972340000000000426e-01,4.571461180000000013e+02,2.966199999999999948e-01,8.128680000000000350e-01,8.444000000000000117e-02,2.073000000000000000e+03,5.723009999999999486e-01,3.471000000000000000e+03,1.218377000000000043e+00,4.114039999999999919e-01,4.678470000000000129e-01,7.560240000000000293e-01,1.955659999999999954e+00,1.471813999999999956e+00,9.575225100000000111e+01,5.012915000000000276e+01,3.265319999999999889e-01,3.413370000000000015e-01,6.357695799999999764e+01,7.986845399999999984e+01,5.262800000000000117e-02,5.045600000000000000e+04,9.575887299999999414e+01,5.306486999999999732e+00,5.408790599999999671e+01,2.811890000000000223e-01,4.483067299999999733e+01,8.224482000000000426e+01,2.887600000000000000e+04
4.320869999999999989e-01,4.421653440000000046e+02,3.213130000000000153e-01,7.913099999999999579e-01,9.022399999999999864e-02,2.739000000000000000e+03,5.721690000000000387e-01,6.339000000000000000e+03,1.303131000000000039e+00,4.361599999999999921e-01,4.441359999999999753e-01,7.018809999999999771e-01,1.948080000000000034e+00,1.640462000000000087e+00,9.784438299999999344e+01,4.792186699999999888e+01,3.122789999999999733e-01,3.139339999999999908e-01,6.570273600000000158e+01,8.593524200000000235e+01,2.944000000000000089e-02,9.414000000000000000e+04,9.489098400000000311e+01,8.932111000000000800e+00,5.720989999999999753e+01,6.533970000000000056e-01,5.990964100000000059e+01,7.815074199999999394e+01,5.386400000000000000e+04
2.514205000000000023e+00,3.735161439999999970e+02,2.746790000000000065e-01,8.254000000000000226e-01,7.296000000000000402e-03,7.965000000000000000e+03,6.803730000000000055e-01,3.168000000000000000e+03,1.002721999999999891e+00,4.461999999999999855e-01,5.991640000000000299e-01,7.038769999999999749e-01,6.926086999999999883e+00,1.648433999999999955e+00,6.515661599999999964e+01,1.855063799999999929e+01,3.144060000000000188e-01,2.931159999999999877e-01,3.519012500000000188e+01,5.763620399999999933e+01,6.778299999999999603e-02,5.413500000000000000e+04,6.906605500000000575e+01,1.177746999999999922e+01,2.863732900000000114e+01,7.534619999999999651e-01,3.113812799999999825e+01,1.270774310000000042e+02,3.683200000000000000e+04
5.515189999999999815e-01,4.289250180000000228e+02,3.273980000000000223e-01,8.310100000000000264e-01,9.633099999999999996e-02,2.505000000000000000e+03,6.613639999999999519e-01,4.542000000000000000e+03,1.048758000000000079e+00,4.727239999999999776e-01,5.637579999999999814e-01,6.973869999999999791e-01,1.963165999999999967e+00,1.753905000000000047e+00,1.032871169999999950e+02,3.540511300000000006e+01,3.138830000000000231e-01,2.736049999999999871e-01,5.103665500000000321e+01,9.766811400000000276e+01,4.430400000000000310e-02,7.273300000000000000e+04,9.060990099999999359e+01,1.044248600000000060e+01,4.198091500000000309e+01,7.031110000000000415e-01,6.363179800000000341e+01,8.793344100000000196e+01,4.810300000000000000e+04
9.689520000000000355e-01,2.507877660000000049e+02,3.042290000000000272e-01,9.458710000000000173e-01,5.809500000000000081e-02,2.247000000000000000e+03,9.182890000000000219e-01,2.319000000000000000e+03,2.877979999999999983e-01,5.709180000000000366e-01,8.777500000000000302e-01,6.615499999999999714e-01,2.767240999999999840e+00,1.874112999999999918e+00,8.452961700000000178e+01,3.813648000000000149e+00,2.994100000000000095e-01,1.776510000000000034e-01,9.562799000000000049e+00,9.638867199999999968e+01,5.939699999999999841e-02,2.541900000000000000e+04,4.147015799999999786e+01,7.957881999999999678e+00,5.731514999999999915e+00,6.828260000000000440e-01,4.602083999999999975e+01,8.852590200000000209e+01,2.334200000000000000e+04
1.554329999999999878e-01,1.590760375999999951e+03,3.126689999999999747e-01,8.454760000000000053e-01,1.020869999999999972e-01,1.944000000000000000e+03,5.561169999999999725e-01,1.250700000000000000e+04,1.055017000000000094e+00,3.377820000000000267e-01,5.084319999999999951e-01,7.613149999999999640e-01,1.611939999999999928e+00,1.393898999999999999e+00,9.953105200000000252e+01,5.330040699999999987e+01,2.994189999999999907e-01,4.340519999999999934e-01,5.988467399999999685e+01,7.099303399999999442e+01,4.434999999999999706e-03,5.520600000000000000e+04,9.991328400000000443e+01,1.288925099999999979e+01,5.620706200000000052e+01,4.601950000000000207e-01,5.636113000000000284e+01,1.237145160000000033e+02,3.070100000000000000e+04
1.423712000000000089e+00,5.258322749999999814e+02,2.535470000000000224e-01,7.828310000000000546e-01,4.290000000000000410e-03,1.268100000000000000e+04,6.404050000000000020e-01,8.907000000000000000e+03,1.215460999999999903e+00,4.573090000000000210e-01,5.224689999999999612e-01,6.963120000000000420e-01,9.149350999999999345e+00,1.658149000000000095e+00,6.803319500000000630e+01,2.399109500000000139e+01,3.009260000000000268e-01,2.806679999999999731e-01,4.302049999999999841e+01,6.158301500000000317e+01,1.357900000000000079e-02,8.572700000000000000e+04,7.389714800000000139e+01,1.265429400000000015e+01,3.462633100000000042e+01,5.978970000000000118e-01,3.210110900000000100e+01,1.324839939999999956e+02,5.490000000000000000e+04
6.744400000000000395e-01,6.353150020000000495e+02,3.151280000000000192e-01,9.113109999999999822e-01,6.976899999999999769e-02,2.169000000000000000e+03,7.671750000000000513e-01,3.216000000000000000e+03,5.445999999999999730e-01,3.655039999999999956e-01,7.739989999999999926e-01,7.298419999999999908e-01,2.023321000000000147e+00,1.475767000000000051e+00,1.033721160000000054e+02,1.793912900000000121e+01,3.202400000000000246e-01,3.959989999999999899e-01,2.433347300000000146e+01,7.835593400000000486e+01,4.136700000000000099e-02,3.404700000000000000e+04,6.989792599999999823e+01,1.264401100000000078e+01,2.277680799999999905e+01,7.112479999999999913e-01,6.513420899999999847e+01,1.467176670000000058e+02,2.612000000000000000e+04
9.637529999999999708e-01,2.357777100000000132e+02,3.176740000000000119e-01,9.319929999999999604e-01,5.240800000000000319e-02,2.712000000000000000e+03,8.727099999999999858e-01,2.814000000000000000e+03,4.008369999999999989e-01,5.148030000000000106e-01,8.370929999999999760e-01,7.354249999999999954e-01,2.767347000000000001e+00,1.600996000000000086e+00,8.788512400000000468e+01,5.677615000000000300e+00,3.188719999999999888e-01,2.306600000000000039e-01,1.392588600000000021e+01,9.021192200000000128e+01,5.577800000000000119e-02,3.514800000000000000e+04,4.898129699999999787e+01,2.882149000000000072e+00,9.692434000000000438e+00,6.336089999999999778e-01,5.130108599999999797e+01,5.395951099999999911e+01,3.067400000000000000e+04
8.008530000000000371e-01,3.081172179999999798e+02,3.269900000000000029e-01,9.587930000000000064e-01,1.257949999999999902e-01,1.689000000000000000e+03,9.379560000000000120e-01,2.109000000000000000e+03,2.220310000000000061e-01,5.717569999999999597e-01,9.070949999999999847e-01,6.484250000000000291e-01,1.889261999999999997e+00,1.917869000000000046e+00,8.713487200000000144e+01,4.189445000000000086e+00,3.251419999999999866e-01,1.784469999999999945e-01,7.007568000000000019e+00,1.003815689999999989e+02,8.601799999999999724e-02,3.044600000000000000e+04,3.538222100000000125e+01,9.823990000000000222e+00,5.079825999999999731e+00,6.104270000000000529e-01,6.090141299999999802e+01,9.502365100000000098e+01,2.855700000000000000e+04
2.173569999999999947e-01,1.319260009999999966e+03,3.030869999999999953e-01,7.784529999999999506e-01,9.486300000000000288e-02,1.668000000000000000e+03,5.335309999999999775e-01,7.674000000000000000e+03,1.490215000000000067e+00,4.739800000000000124e-01,3.251319999999999766e-01,7.051380000000000425e-01,1.971630999999999911e+00,1.656006000000000089e+00,5.694292800000000199e+01,8.468611099999999681e+01,3.029580000000000051e-01,2.708470000000000044e-01,8.553601799999999855e+01,5.294362600000000185e+01,8.399999999999999481e-03,3.936600000000000000e+04,1.054647899999999936e+02,1.630043799999999976e+01,7.754075600000000179e+01,5.310949999999999838e-01,2.246592300000000009e+01,8.153903200000000595e+01,2.100300000000000000e+04
1.017600000000000060e+00,2.792062680000000228e+02,3.250600000000000156e-01,9.687729999999999952e-01,1.144710000000000033e-01,1.908000000000000000e+03,9.623610000000000220e-01,1.875000000000000000e+03,1.614369999999999972e-01,6.579760000000000053e-01,9.319269999999999499e-01,5.912610000000000365e-01,2.124722000000000222e+00,2.206697000000000131e+00,9.324855800000000272e+01,2.599404999999999966e+00,3.256220000000000225e-01,1.129170000000000035e-01,5.240794000000000175e+00,1.289005129999999895e+02,1.231710000000000027e-01,3.445900000000000000e+04,3.228103300000000075e+01,9.466627000000000791e+00,3.685436000000000156e+00,8.028089999999999948e-01,7.900743900000000508e+01,1.067589870000000047e+02,3.316200000000000000e+04
9.655169999999999586e-01,2.422380220000000008e+02,3.255080000000000195e-01,9.617339999999999778e-01,1.294859999999999900e-01,1.596000000000000000e+03,9.462129999999999708e-01,1.653000000000000000e+03,2.003389999999999893e-01,6.037959999999999994e-01,9.159490000000000132e-01,6.593639999999999501e-01,1.913669000000000064e+00,1.925200999999999940e+00,8.257766700000000526e+01,3.394041999999999781e+00,3.249690000000000079e-01,1.528289999999999926e-01,6.039382999999999946e+00,1.014815980000000053e+02,1.275719999999999910e-01,2.773900000000000000e+04,3.209857199999999722e+01,7.937289999999999957e+00,4.518105000000000260e+00,8.423180000000000112e-01,5.678812800000000038e+01,8.645763399999999876e+01,2.624700000000000000e+04
1.271147000000000027e+00,1.598886720000000139e+02,3.158750000000000169e-01,9.529729999999999590e-01,4.406299999999999800e-02,3.291000000000000000e+03,9.187840000000000451e-01,2.589000000000000000e+03,2.609360000000000013e-01,5.281179999999999763e-01,8.899730000000000141e-01,7.037349999999999994e-01,3.064245999999999803e+00,1.728282000000000096e+00,8.858904300000000376e+01,2.504325000000000134e+00,3.131789999999999852e-01,2.169149999999999967e-01,8.641301000000000343e+00,9.336616499999999519e+01,7.749100000000000432e-02,4.133400000000000000e+04,3.920251499999999822e+01,3.865791000000000199e+00,5.548408000000000229e+00,8.228739999999999943e-01,5.621365699999999777e+01,6.333615100000000098e+01,3.797700000000000000e+04
7.443180000000000351e-01,2.707268980000000056e+02,3.212439999999999740e-01,9.008119999999999461e-01,1.163190000000000057e-01,1.965000000000000000e+03,7.693189999999999751e-01,2.640000000000000000e+03,6.302569999999999562e-01,4.510469999999999757e-01,7.355120000000000546e-01,6.941319999999999713e-01,1.745114999999999972e+00,1.659464000000000050e+00,8.486162600000000111e+01,1.822213599999999900e+01,3.266950000000000132e-01,2.967040000000000233e-01,2.494965900000000047e+01,7.671838400000000036e+01,8.376500000000000612e-02,4.645800000000000000e+04,6.318250299999999697e+01,9.965597999999999956e+00,1.907070900000000080e+01,6.976489999999999636e-01,4.328180299999999647e+01,6.123834200000000294e+01,3.574100000000000000e+04
1.003400999999999987e+00,2.339156649999999900e+02,3.189969999999999750e-01,9.514899999999999469e-01,9.612199999999999911e-02,1.770000000000000000e+03,9.266820000000000057e-01,1.764000000000000000e+03,2.703320000000000167e-01,6.066679999999999851e-01,8.866460000000000452e-01,6.391280000000000294e-01,2.223618000000000094e+00,1.959368999999999916e+00,8.469795200000000079e+01,3.759549999999999947e+00,3.215339999999999865e-01,1.493359999999999965e-01,9.116756000000000526e+00,1.043520429999999948e+02,1.044339999999999991e-01,2.586000000000000000e+04,4.072687100000000271e+01,8.703552000000000177e+00,5.327029999999999710e+00,6.669329999999999981e-01,5.188200400000000201e+01,8.206169099999999617e+01,2.396400000000000000e+04
1.145558000000000076e+00,2.959400630000000092e+02,3.248889999999999834e-01,9.602680000000000105e-01,9.054700000000000248e-02,1.818000000000000000e+03,9.429440000000000044e-01,1.587000000000000000e+03,2.154290000000000094e-01,6.028959999999999875e-01,9.112519999999999509e-01,6.368209999999999704e-01,2.283920000000000172e+00,2.027759999999999785e+00,9.120409399999999778e+01,4.084125000000000227e+00,3.280469999999999775e-01,1.525610000000000022e-01,7.051898000000000444e+00,1.119356460000000055e+02,1.260149999999999881e-01,2.525600000000000000e+04,3.641378799999999671e+01,1.137097799999999914e+01,4.633706000000000103e+00,6.328030000000000044e-01,5.905865899999999868e+01,1.186354450000000043e+02,2.381500000000000000e+04
5.439329999999999998e-01,3.884638370000000123e+02,3.295310000000000183e-01,8.570520000000000360e-01,1.195220000000000032e-01,2.340000000000000000e+03,6.834289999999999532e-01,4.302000000000000000e+03,9.006399999999999961e-01,4.505810000000000093e-01,6.161659999999999915e-01,7.136839999999999851e-01,1.720588000000000006e+00,1.628586000000000089e+00,1.028794709999999952e+02,3.080661800000000028e+01,3.268730000000000246e-01,2.982719999999999816e-01,4.472668500000000336e+01,9.306633800000000178e+01,5.174200000000000327e-02,7.620400000000000000e+04,8.717611700000000496e+01,7.322649000000000186e+00,3.818130500000000183e+01,8.366799999999999793e-01,6.215528100000000222e+01,7.894143699999999342e+01,5.208000000000000000e+04
9.979630000000000445e-01,2.238132779999999968e+02,3.236850000000000005e-01,9.758270000000000000e-01,1.271990000000000065e-01,1.470000000000000000e+03,9.688179999999999570e-01,1.473000000000000000e+03,1.160640000000000005e-01,5.441040000000000321e-01,9.475609999999999866e-01,7.032420000000000337e-01,1.832918000000000047e+00,1.776092000000000004e+00,8.486204499999999484e+01,1.592861000000000082e+00,3.241029999999999744e-01,2.026100000000000123e-01,3.306169000000000135e+00,9.189584399999999675e+01,1.307589999999999864e-01,2.257700000000000000e+04,2.478831500000000077e+01,7.420049999999999812e+00,2.027413000000000132e+00,7.067080000000000028e-01,4.352972799999999864e+01,9.724166900000000169e+01,2.187300000000000000e+04
1.011338000000000070e+00,3.356495059999999739e+02,3.273209999999999731e-01,9.705500000000000238e-01,1.222769999999999968e-01,1.338000000000000000e+03,9.656320000000000459e-01,1.323000000000000000e+03,1.417990000000000084e-01,5.888520000000000421e-01,9.381540000000000434e-01,6.477289999999999992e-01,1.944766999999999912e+00,1.985378000000000087e+00,7.918160199999999804e+01,2.548186999999999980e+00,3.276660000000000128e-01,1.628840000000000010e-01,3.833045999999999953e+00,9.389125799999999344e+01,1.295169999999999932e-01,1.804000000000000000e+04,2.631338900000000081e+01,1.201774699999999996e+01,2.244667999999999886e+00,9.222930000000000295e-01,4.237731200000000342e+01,1.426798100000000034e+02,1.742000000000000000e+04
3.764219999999999788e-01,4.504186710000000176e+02,3.145089999999999830e-01,8.153289999999999704e-01,9.642799999999999983e-02,2.481000000000000000e+03,5.655499999999999972e-01,6.591000000000000000e+03,1.199100999999999972e+00,3.915719999999999756e-01,4.793290000000000051e-01,7.296979999999999578e-01,1.784891999999999923e+00,1.531800000000000050e+00,1.008043980000000062e+02,4.722258399999999767e+01,3.268220000000000014e-01,3.660700000000000065e-01,6.331958800000000309e+01,8.076835599999999715e+01,2.415899999999999992e-02,8.351700000000000000e+04,9.700106800000000362e+01,1.046226300000000009e+01,5.577986899999999792e+01,4.659829999999999806e-01,5.765533400000000341e+01,7.883608999999999867e+01,4.723300000000000000e+04
1.098452999999999902e+00,3.311528319999999894e+02,3.242579999999999907e-01,9.291139999999999954e-01,6.224299999999999972e-02,2.343000000000000000e+03,8.709480000000000555e-01,2.133000000000000000e+03,4.574329999999999785e-01,5.674719999999999764e-01,8.131660000000000554e-01,6.621099999999999763e-01,2.662500000000000089e+00,1.999278000000000111e+00,7.665109999999999957e+01,1.201377399999999973e+01,3.134250000000000091e-01,1.810390000000000055e-01,1.660547599999999946e+01,8.631269100000000094e+01,8.623100000000000209e-02,3.122000000000000000e+04,5.458395399999999853e+01,2.246673399999999887e+01,1.353249500000000083e+01,5.605729999999999880e-01,5.025035499999999900e+01,1.652702179999999998e+02,2.719100000000000000e+04
2.153398000000000145e+00,3.136157840000000192e+02,2.661540000000000017e-01,8.064409999999999634e-01,7.045000000000000047e-03,6.654000000000000000e+03,6.017649999999999944e-01,3.090000000000000000e+03,1.144603999999999955e+00,3.763670000000000071e-01,5.370780000000000554e-01,7.640540000000000109e-01,6.472762999999999600e+00,1.352859000000000034e+00,5.122079099999999841e+01,2.036397699999999844e+01,3.159669999999999979e-01,3.728060000000000263e-01,3.657207900000000222e+01,3.923046500000000236e+01,5.428600000000000092e-02,4.124700000000000000e+04,6.483786000000000627e+01,9.223430999999999713e+00,2.968287700000000129e+01,4.621489999999999765e-01,2.084832199999999958e+01,7.988220200000000659e+01,2.482100000000000000e+04
9.638830000000000453e-01,2.891117859999999951e+02,3.290910000000000224e-01,9.525940000000000518e-01,1.271289999999999920e-01,1.281000000000000000e+03,9.347940000000000138e-01,1.329000000000000000e+03,2.434320000000000095e-01,5.988820000000000254e-01,8.964879999999999516e-01,6.786039999999999850e-01,1.923423000000000105e+00,1.880109999999999948e+00,7.996882600000000707e+01,4.378535000000000288e+00,3.290170000000000039e-01,1.556379999999999986e-01,7.280628000000000100e+00,9.707031299999999874e+01,1.263509999999999911e-01,1.775900000000000000e+04,3.490739099999999695e+01,8.176515999999999451e+00,4.409595999999999627e+00,8.033649999999999958e-01,4.077056100000000072e+01,9.431758100000000411e+01,1.660100000000000000e+04
3.107851999999999837e+00,3.626507869999999798e+02,2.561300000000000243e-01,8.100950000000000095e-01,5.400000000000000286e-03,9.855000000000000000e+03,6.627070000000000460e-01,3.171000000000000000e+03,1.080170000000000075e+00,4.623630000000000240e-01,5.576630000000000198e-01,6.969779999999999864e-01,8.198835000000000761e+00,1.643721999999999905e+00,7.094023900000000538e+01,1.942331899999999933e+01,3.205020000000000091e-01,2.741100000000000203e-01,3.855277999999999849e+01,6.520925900000000297e+01,7.869800000000000406e-02,6.297200000000000000e+04,7.008496100000000695e+01,1.477656299999999945e+01,2.904996900000000082e+01,6.288230000000000208e-01,3.513530000000000086e+01,1.433907169999999951e+02,4.173200000000000000e+04
9.811969999999999859e-01,2.240199279999999931e+02,3.220129999999999937e-01,9.734540000000000415e-01,1.139130000000000004e-01,1.722000000000000000e+03,9.673239999999999617e-01,1.755000000000000000e+03,1.309530000000000138e-01,5.952960000000000473e-01,9.422559999999999825e-01,6.428939999999999655e-01,2.025882000000000183e+00,1.968002000000000029e+00,8.440807300000000168e+01,1.874098000000000042e+00,3.179000000000000159e-01,1.588420000000000110e-01,3.679784999999999862e+00,1.019525150000000053e+02,1.133740000000000026e-01,2.778800000000000000e+04,2.571977199999999897e+01,9.299153999999999698e+00,2.319639000000000006e+00,7.206099999999999728e-01,5.769869599999999821e+01,9.595882400000000700e+01,2.688000000000000000e+04
1.355569000000000024e+00,4.350878599999999778e+02,2.750529999999999919e-01,8.314669999999999561e-01,1.002199999999999966e-02,6.645000000000000000e+03,6.705959999999999699e-01,4.902000000000000000e+03,9.812859999999999916e-01,4.205619999999999914e-01,6.026179999999999870e-01,7.228019999999999445e-01,5.738342000000000276e+00,1.548322999999999894e+00,6.243105299999999858e+01,1.779712900000000175e+01,3.060849999999999960e-01,3.234870000000000245e-01,3.294104399999999799e+01,5.231213000000000335e+01,2.746300000000000130e-02,5.251600000000000000e+04,6.507995599999999570e+01,1.042028700000000008e+01,2.738510499999999936e+01,5.861750000000000016e-01,2.852027700000000010e+01,1.018834229999999934e+02,3.521700000000000000e+04
3.045509000000000022e+00,3.678685909999999808e+02,2.447699999999999876e-01,7.803080000000000016e-01,5.867999999999999952e-03,7.629000000000000000e+03,5.991450000000000387e-01,2.505000000000000000e+03,1.293738000000000055e+00,4.263109999999999955e-01,4.823459999999999970e-01,7.231859999999999955e-01,7.553465000000000096e+00,1.543422000000000072e+00,5.977835100000000068e+01,2.109933499999999995e+01,3.245270000000000099e-01,3.110780000000000212e-01,4.293578300000000070e+01,5.055936799999999920e+01,9.084399999999999420e-02,4.536300000000000000e+04,6.955350500000000125e+01,1.172983600000000060e+01,3.260204699999999889e+01,7.810890000000000333e-01,2.630912599999999912e+01,1.269836200000000019e+02,2.717900000000000000e+04
1.052437000000000067e+00,7.258200070000000323e+02,2.737550000000000261e-01,8.711459999999999759e-01,1.431900000000000013e-02,5.118000000000000000e+03,6.562160000000000215e-01,4.863000000000000000e+03,7.930160000000000542e-01,3.327760000000000162e-01,6.603059999999999485e-01,7.575530000000000319e-01,4.272120000000000140e+00,1.357245000000000035e+00,9.894527399999999773e+01,2.432705699999999993e+01,3.035490000000000133e-01,4.349219999999999753e-01,3.725950600000000179e+01,6.979493700000000445e+01,2.417000000000000051e-02,4.548500000000000000e+04,8.163334700000000055e+01,1.721722799999999864e+01,3.449585299999999677e+01,4.611970000000000236e-01,5.940109600000000256e+01,2.388746339999999861e+02,2.984800000000000000e+04
6.073060000000000125e-01,4.599057310000000030e+02,3.235500000000000043e-01,8.548729999999999940e-01,1.015920000000000017e-01,2.394000000000000000e+03,7.079079999999999817e-01,3.942000000000000000e+03,9.062249999999999472e-01,5.047000000000000375e-01,6.145559999999999912e-01,6.661479999999999624e-01,1.975247999999999893e+00,1.850322000000000022e+00,9.949747499999999434e+01,3.191512499999999974e+01,3.243679999999999897e-01,2.409989999999999910e-01,4.425831999999999766e+01,1.002512820000000033e+02,5.292999999999999788e-02,6.545200000000000000e+04,8.651270300000000191e+01,1.105490999999999957e+01,3.594257400000000047e+01,6.210740000000000149e-01,6.794769300000000101e+01,9.560325600000000179e+01,4.633400000000000000e+04
9.029409999999999936e-01,5.402279660000000376e+02,3.196849999999999969e-01,9.222320000000000517e-01,8.857299999999999895e-02,1.842000000000000000e+03,8.426109999999999989e-01,2.040000000000000000e+03,4.571700000000000208e-01,4.702959999999999918e-01,8.160220000000000251e-01,6.757419999999999538e-01,2.037611000000000061e+00,1.794264000000000081e+00,1.054703750000000042e+02,1.281837200000000010e+01,3.240399999999999947e-01,2.744130000000000180e-01,1.906452200000000019e+01,9.921468400000000543e+01,8.570200000000000040e-02,2.838200000000000000e+04,6.184725600000000156e+01,1.271296500000000052e+01,1.764030299999999940e+01,7.607350000000000501e-01,8.038817600000000141e+01,1.500859680000000083e+02,2.391500000000000000e+04
2.064884999999999859e+00,4.111837459999999851e+02,2.632789999999999853e-01,8.154289999999999594e-01,6.674000000000000245e-03,8.115000000000000000e+03,6.800180000000000113e-01,3.930000000000000000e+03,1.047981000000000051e+00,4.693680000000000074e-01,5.779870000000000285e-01,6.951370000000000049e-01,7.431319000000000230e+00,1.662973000000000035e+00,6.608478499999999656e+01,1.831450800000000001e+01,3.088949999999999751e-01,2.672109999999999763e-01,3.491992199999999968e+01,6.157482499999999703e+01,4.184600000000000125e-02,5.143100000000000000e+04,6.633537300000000414e+01,1.330269900000000050e+01,2.888612699999999833e+01,5.756430000000000158e-01,3.419890600000000092e+01,1.269545209999999997e+02,3.497400000000000000e+04
9.481610000000000316e-01,2.782399899999999775e+02,3.284940000000000082e-01,9.615040000000000253e-01,1.311970000000000081e-01,1.701000000000000000e+03,9.501760000000000206e-01,1.794000000000000000e+03,2.036759999999999959e-01,6.358510000000000550e-01,9.175360000000000182e-01,6.142090000000000050e-01,1.950687999999999978e+00,2.084896999999999778e+00,9.004856100000000652e+01,3.401406000000000152e+00,3.287120000000000042e-01,1.286059999999999981e-01,6.370716999999999963e+00,1.185179370000000034e+02,1.241320000000000062e-01,3.179200000000000000e+04,3.440564299999999776e+01,8.564830999999999861e+00,4.510671999999999571e+00,7.749500000000000277e-01,7.107049600000000567e+01,8.750015999999999394e+01,3.020800000000000000e+04
1.075228999999999990e+00,3.370407410000000255e+02,3.255230000000000068e-01,9.541870000000000074e-01,1.018460000000000060e-01,1.758000000000000000e+03,9.374599999999999600e-01,1.635000000000000000e+03,2.459280000000000077e-01,6.201229999999999798e-01,8.994499999999999718e-01,6.213610000000000522e-01,2.186567000000000149e+00,2.070889000000000202e+00,8.764851400000000581e+01,4.793052999999999564e+00,3.265379999999999949e-01,1.388969999999999927e-01,7.988165999999999656e+00,1.114932400000000001e+02,1.256009999999999904e-01,2.671900000000000000e+04,3.873752199999999846e+01,1.149648499999999984e+01,5.288893999999999984e+00,8.911270000000000024e-01,6.477213299999999663e+01,1.264482349999999968e+02,2.504800000000000000e+04
1.166911000000000032e+00,4.810516359999999736e+02,2.421379999999999921e-01,7.652149999999999785e-01,7.803000000000000040e-03,7.173000000000000000e+03,5.229150000000000187e-01,6.147000000000000000e+03,1.349631999999999943e+00,3.306419999999999915e-01,4.642510000000000248e-01,7.793050000000000255e-01,5.766077000000000119e+00,1.261649000000000020e+00,6.348834200000000294e+01,2.948498700000000028e+01,2.967659999999999743e-01,4.348279999999999923e-01,5.192113499999999959e+01,4.426765400000000028e+01,2.031799999999999926e-02,6.109400000000000000e+04,7.974221799999999405e+01,9.485421999999999798e+00,4.227156399999999792e+01,6.536110000000000531e-01,2.481930399999999892e+01,9.933861500000000433e+01,3.194700000000000000e+04
4.848100000000000187e-01,4.673246149999999943e+02,3.272539999999999893e-01,8.684410000000000185e-01,1.133699999999999986e-01,2.298000000000000000e+03,7.321090000000000098e-01,4.740000000000000000e+03,8.317780000000000173e-01,5.056840000000000224e-01,6.531550000000000411e-01,6.710720000000000018e-01,1.871336000000000110e+00,1.842621999999999982e+00,1.011803969999999993e+02,2.887847700000000017e+01,3.294849999999999723e-01,2.403540000000000121e-01,3.964442400000000077e+01,1.021606900000000024e+02,3.639699999999999880e-02,6.507500000000000000e+04,8.350575999999999510e+01,9.813634999999999664e+00,3.383405700000000138e+01,8.917380000000000306e-01,6.566269699999999432e+01,8.816683199999999943e+01,4.764200000000000000e+04
5.949370000000000491e-01,7.351816410000000133e+02,3.151729999999999809e-01,8.772759999999999447e-01,5.875699999999999673e-02,2.397000000000000000e+03,7.248470000000000191e-01,4.029000000000000000e+03,7.704929999999999835e-01,4.484679999999999778e-01,6.690810000000000368e-01,6.760460000000000358e-01,2.445917999999999815e+00,1.750885999999999942e+00,1.051477280000000007e+02,2.713563299999999856e+01,3.114040000000000141e-01,2.976619999999999822e-01,3.723249100000000311e+01,9.465712000000000614e+01,2.869199999999999875e-02,3.706300000000000000e+04,8.249675000000000580e+01,1.811932399999999888e+01,3.409059500000000043e+01,5.874059999999999837e-01,7.939219699999999591e+01,1.653016819999999996e+02,2.686500000000000000e+04
1.094754999999999923e+00,4.136658939999999802e+02,3.106559999999999877e-01,7.447310000000000318e-01,3.087700000000000167e-02,3.882000000000000000e+03,5.173740000000000006e-01,3.546000000000000000e+03,1.493635999999999964e+00,3.865720000000000267e-01,3.970380000000000020e-01,7.594680000000000319e-01,3.135702999999999907e+00,1.411594999999999933e+00,8.934236099999999681e+01,4.492687999999999704e+01,3.278679999999999928e-01,3.691079999999999917e-01,7.397607399999999700e+01,7.066542099999999493e+01,7.152699999999999336e-02,7.157100000000000000e+04,9.894735699999999667e+01,5.940388999999999697e+00,5.963698999999999728e+01,7.132359999999999811e-01,3.987315799999999655e+01,1.087436450000000008e+02,3.702900000000000000e+04
9.692830000000000057e-01,1.909955290000000048e+02,3.264690000000000092e-01,9.728620000000000045e-01,1.245200000000000057e-01,1.704000000000000000e+03,9.632730000000000459e-01,1.758000000000000000e+03,1.378359999999999863e-01,6.027320000000000455e-01,9.378309999999999702e-01,6.400190000000000046e-01,1.949656999999999973e+00,1.948760999999999965e+00,8.141731299999999294e+01,1.938075999999999910e+00,3.259239999999999915e-01,1.535960000000000103e-01,4.064542000000000321e+00,9.997423600000000476e+01,1.214490000000000014e-01,2.986900000000000000e+04,2.652546299999999846e+01,9.903762999999999650e+00,2.763050999999999924e+00,9.067690000000000472e-01,6.045460500000000081e+01,8.643070199999999659e+01,2.877200000000000000e+04
1.591574999999999962e+00,3.270843810000000076e+02,2.683329999999999882e-01,8.415460000000000163e-01,1.629999999999999852e-02,5.214000000000000000e+03,7.091600000000000126e-01,3.276000000000000000e+03,9.268039999999999612e-01,4.665099999999999802e-01,6.317390000000000505e-01,6.928600000000000314e-01,4.740000000000000213e+00,1.674299999999999899e+00,6.224017700000000275e+01,1.718500099999999975e+01,3.143489999999999895e-01,2.745569999999999955e-01,3.076312599999999975e+01,5.697767999999999944e+01,5.822299999999999698e-02,4.972500000000000000e+04,6.423321500000000128e+01,9.179588999999999999e+00,2.522803499999999843e+01,8.101340000000000208e-01,2.649627699999999919e+01,8.286160999999999888e+01,3.526300000000000000e+04
8.766230000000000411e-01,3.690495910000000208e+02,3.243679999999999897e-01,9.482909999999999950e-01,1.204059999999999991e-01,1.620000000000000000e+03,9.244850000000000012e-01,1.848000000000000000e+03,2.925960000000000227e-01,6.264570000000000416e-01,8.816070000000000295e-01,6.227479999999999682e-01,2.009926000000000101e+00,2.105639000000000038e+00,7.982146500000000344e+01,6.201618999999999993e+00,3.252970000000000028e-01,1.350459999999999994e-01,8.907622999999999180e+00,1.028524630000000002e+02,1.000859999999999944e-01,2.720000000000000000e+04,4.001414900000000330e+01,1.227182400000000051e+01,6.867414000000000129e+00,7.167400000000000437e-01,6.073806799999999839e+01,9.947611999999999455e+01,2.514600000000000000e+04
9.844239999999999657e-01,2.845650939999999878e+02,3.261000000000000010e-01,9.658660000000000023e-01,1.186750000000000027e-01,1.896000000000000000e+03,9.589839999999999476e-01,1.926000000000000000e+03,1.798859999999999904e-01,7.052429999999999533e-01,9.236879999999999535e-01,5.451019999999999754e-01,2.159453000000000067e+00,2.339477000000000029e+00,9.030356600000000356e+01,3.006543999999999883e+00,3.268429999999999946e-01,8.344100000000000128e-02,6.213905999999999707e+00,1.392093350000000100e+02,1.199260000000000048e-01,3.540100000000000000e+04,3.526509099999999819e+01,1.557540799999999948e+01,4.647408999999999679e+00,9.291930000000000467e-01,9.379272500000000434e+01,1.147758790000000033e+02,3.394900000000000000e+04
1.183829000000000020e+00,4.064497069999999894e+02,2.802470000000000239e-01,7.900409999999999933e-01,1.909200000000000133e-02,4.656000000000000000e+03,6.392729999999999801e-01,3.933000000000000000e+03,1.212061999999999973e+00,4.761810000000000209e-01,5.132520000000000415e-01,6.873780000000000445e-01,4.409091000000000093e+00,1.713084000000000051e+00,6.586475400000000491e+01,2.538297100000000128e+01,3.178369999999999806e-01,2.647760000000000113e-01,4.547647099999999654e+01,6.192302699999999760e+01,4.185500000000000331e-02,5.152100000000000000e+04,7.577013399999999876e+01,1.028847599999999929e+01,3.773896400000000284e+01,6.132830000000000226e-01,3.192902799999999885e+01,9.489469099999999457e+01,3.293600000000000000e+04
1.041957999999999940e+00,4.119896850000000086e+02,2.955740000000000034e-01,9.102930000000000188e-01,5.618299999999999683e-02,2.235000000000000000e+03,7.885950000000000459e-01,2.145000000000000000e+03,5.320829999999999727e-01,3.912240000000000162e-01,7.858760000000000190e-01,7.328209999999999447e-01,2.337866000000000000e+00,1.517679000000000000e+00,1.041624599999999958e+02,1.324221799999999938e+01,3.161530000000000173e-01,3.635829999999999895e-01,2.300693700000000064e+01,8.338460499999999342e+01,7.734800000000000009e-02,2.832000000000000000e+04,6.783069600000000321e+01,8.136516000000000304e+00,2.057247900000000129e+01,7.509439999999999449e-01,6.131391899999999850e+01,1.255402679999999975e+02,2.233300000000000000e+04
2.830900000000000083e-01,8.796546630000000278e+02,2.877970000000000250e-01,8.520349999999999868e-01,4.228900000000000020e-02,3.375000000000000000e+03,5.684879999999999933e-01,1.192200000000000000e+04,9.603570000000000162e-01,3.067489999999999939e-01,5.696809999999999929e-01,7.906539999999999679e-01,2.386845999999999801e+00,1.245784000000000002e+00,8.046986400000000117e+01,4.149129500000000093e+01,2.550700000000000189e-01,4.749700000000000033e-01,4.815251899999999807e+01,5.340035199999999804e+01,5.961000000000000153e-03,6.742800000000000000e+04,8.769110899999999731e+01,1.626546499999999895e+01,4.534036600000000305e+01,5.052299999999999569e-01,3.563099299999999658e+01,1.208983989999999977e+02,3.833200000000000000e+04
1.000000000000000000e+00,3.004036249999999768e+02,3.264059999999999739e-01,9.663720000000000088e-01,1.282629999999999881e-01,1.605000000000000000e+03,9.563180000000000014e-01,1.605000000000000000e+03,1.670899999999999885e-01,5.856550000000000367e-01,9.287109999999999532e-01,6.653710000000000457e-01,1.892689000000000066e+00,1.887979999999999992e+00,9.824505600000000527e+01,2.721795000000000186e+00,3.277660000000000018e-01,1.670049999999999868e-01,5.594319999999999737e+00,1.165066070000000025e+02,1.341209999999999902e-01,2.749400000000000000e+04,3.376315699999999964e+01,6.555964000000000347e+00,3.749258999999999897e+00,7.100239999999999885e-01,6.718792700000000195e+01,1.088760989999999964e+02,2.629300000000000000e+04
1.873950000000000005e+00,3.282634889999999928e+02,2.708900000000000197e-01,8.288529999999999509e-01,1.289500000000000021e-02,6.021000000000000000e+03,6.870439999999999880e-01,3.213000000000000000e+03,1.002750999999999948e+00,4.694840000000000124e-01,5.956730000000000080e-01,7.049999999999999600e-01,5.347247000000000305e+00,1.641758999999999968e+00,6.032285699999999906e+01,1.799827000000000155e+01,3.086030000000000162e-01,2.711819999999999786e-01,3.373646899999999960e+01,5.572605899999999934e+01,6.590899999999999537e-02,5.414500000000000000e+04,6.557711000000000467e+01,1.105349799999999938e+01,2.695132299999999859e+01,7.833900000000000308e-01,2.765742900000000049e+01,8.427530699999999797e+01,3.720000000000000000e+04
5.029280000000000417e-01,5.409088749999999663e+02,3.293280000000000096e-01,8.804370000000000251e-01,1.240600000000000036e-01,2.061000000000000000e+03,7.797509999999999719e-01,4.098000000000000000e+03,7.368700000000000250e-01,5.465619999999999923e-01,7.013519999999999754e-01,6.780479999999999841e-01,1.860108000000000095e+00,1.882535000000000069e+00,1.016568299999999994e+02,2.318669300000000177e+01,3.269020000000000259e-01,2.019420000000000104e-01,3.257370000000000232e+01,1.112701189999999940e+02,4.024300000000000099e-02,5.378000000000000000e+04,7.641854899999999873e+01,8.015314000000000050e+00,2.792613800000000168e+01,8.666199999999999459e-01,6.967208899999999971e+01,9.303257000000000687e+01,4.193500000000000000e+04
1.526732999999999896e+00,3.694361569999999801e+02,2.850739999999999941e-01,7.741090000000000471e-01,1.474600000000000043e-02,4.626000000000000000e+03,5.680450000000000221e-01,3.030000000000000000e+03,1.298845999999999945e+00,3.840069999999999872e-01,4.793890000000000096e-01,7.463670000000000027e-01,4.517578000000000316e+00,1.413753999999999955e+00,5.881528899999999993e+01,2.519061999999999912e+01,3.201249999999999929e-01,3.669379999999999864e-01,4.652171700000000243e+01,4.586325500000000233e+01,6.050699999999999829e-02,4.420600000000000000e+04,7.333338899999999683e+01,8.760139000000000564e+00,3.684378800000000354e+01,2.977429999999999799e-01,2.342441000000000173e+01,8.801217699999999411e+01,2.511100000000000000e+04
5.015220000000000233e-01,6.306518549999999550e+02,3.033109999999999973e-01,8.391129999999999978e-01,1.011800000000000060e-01,1.977000000000000000e+03,6.923639999999999795e-01,3.942000000000000000e+03,1.029077999999999937e+00,5.307629999999999848e-01,5.679819999999999869e-01,6.784130000000000438e-01,2.029774000000000189e+00,1.830716999999999928e+00,9.954396800000000667e+01,3.696824300000000108e+01,3.257999999999999785e-01,2.153329999999999966e-01,5.019506799999999913e+01,1.056574939999999998e+02,3.675699999999999801e-02,4.545300000000000000e+04,9.074791700000000105e+01,8.548640000000000683e+00,4.284513900000000319e+01,5.994500000000000384e-01,6.673191799999999319e+01,1.194681929999999994e+02,3.147000000000000000e+04
1.303431000000000006e+00,5.114980160000000069e+02,2.524060000000000192e-01,8.096900000000000208e-01,4.866999999999999799e-03,1.094100000000000000e+04,6.358939999999999593e-01,8.394000000000000000e+03,1.099304999999999977e+00,4.058209999999999873e-01,5.600279999999999703e-01,7.296310000000000295e-01,8.068583999999999534e+00,1.497098999999999958e+00,6.595140100000000416e+01,2.195096600000000109e+01,2.732459999999999889e-01,3.393410000000000037e-01,3.811508599999999802e+01,5.380022000000000304e+01,1.300300000000000067e-02,7.291000000000000000e+04,7.002361299999999744e+01,1.099061700000000030e+01,3.009075199999999839e+01,7.034030000000000005e-01,2.675600599999999929e+01,1.097442400000000049e+02,4.636300000000000000e+04
1.011511000000000049e+00,1.943355559999999969e+02,3.217840000000000145e-01,9.369180000000000286e-01,8.642700000000000382e-02,2.109000000000000000e+03,8.964659999999999851e-01,2.085000000000000000e+03,3.647449999999999859e-01,5.796059999999999546e-01,8.534460000000000379e-01,7.113450000000000051e-01,2.292390999999999845e+00,1.750493000000000077e+00,8.707622499999999377e+01,4.710301000000000293e+00,3.239630000000000010e-01,1.730760000000000076e-01,1.195736999999999917e+01,1.017465669999999989e+02,9.864100000000000645e-02,3.412400000000000000e+04,4.502655800000000141e+01,2.557078000000000184e+00,8.132173999999999126e+00,5.448629999999999862e-01,5.544699500000000114e+01,4.173432199999999881e+01,3.059100000000000000e+04
5.422979999999999468e-01,4.732337340000000268e+02,3.153880000000000017e-01,8.372290000000000010e-01,9.524699999999999833e-02,2.577000000000000000e+03,6.468460000000000321e-01,4.752000000000000000e+03,1.027627000000000068e+00,4.523800000000000043e-01,5.561909999999999910e-01,7.034510000000000485e-01,1.928892000000000051e+00,1.672641999999999962e+00,1.029770659999999936e+02,3.906016199999999827e+01,3.258710000000000218e-01,2.956929999999999836e-01,5.360333299999999923e+01,9.342307300000000225e+01,4.330400000000000221e-02,7.781600000000000000e+04,9.374551400000000001e+01,9.984667999999999211e+00,4.517427399999999693e+01,5.505320000000000213e-01,6.490049000000000490e+01,9.475050400000000650e+01,5.033500000000000000e+04
8.675079999999999458e-01,4.238074649999999792e+02,2.762640000000000096e-01,8.190629999999999855e-01,2.291299999999999934e-02,4.125000000000000000e+03,6.349380000000000024e-01,4.755000000000000000e+03,1.053555000000000019e+00,3.930400000000000005e-01,5.773660000000000458e-01,7.443769999999999554e-01,3.669929000000000219e+00,1.428150000000000031e+00,6.340160800000000307e+01,2.218854500000000129e+01,3.062400000000000122e-01,3.591309999999999780e-01,3.832988699999999938e+01,5.064805599999999686e+01,2.715700000000000058e-02,4.886300000000000000e+04,7.149807699999999500e+01,9.076973999999999876e+00,3.268841900000000322e+01,7.081910000000000149e-01,2.669227000000000061e+01,7.153192900000000520e+01,3.102500000000000000e+04
8.628160000000000274e-01,1.422046049999999866e+02,3.251020000000000021e-01,9.800940000000000207e-01,1.057690000000000019e-01,2.151000000000000000e+03,9.657520000000000548e-01,2.493000000000000000e+03,1.122439999999999966e-01,5.116000000000000547e-01,9.527729999999999810e-01,6.793059999999999654e-01,1.900177000000000005e+00,1.778510000000000035e+00,8.720651999999999759e+01,1.737111999999999989e+00,3.253059999999999841e-01,2.351119999999999877e-01,3.351589999999999847e+00,8.901236000000000104e+01,8.153199999999999337e-02,4.032400000000000000e+04,2.468381300000000067e+01,1.221619800000000033e+01,2.110641000000000211e+00,4.364899999999999891e-01,5.607003399999999971e+01,5.722127499999999856e+01,3.894300000000000000e+04
9.663869999999999960e-01,2.249293519999999944e+02,3.240589999999999860e-01,9.837839999999999918e-01,1.255699999999999872e-01,1.725000000000000000e+03,9.834619999999999473e-01,1.785000000000000000e+03,7.219499999999999529e-02,5.933509999999999618e-01,9.660659999999999803e-01,6.370019999999999571e-01,1.925222999999999907e+00,1.976336000000000093e+00,1.012692569999999961e+02,1.026200999999999919e+00,3.244270000000000209e-01,1.610850000000000060e-01,2.149744999999999795e+00,1.220734939999999966e+02,1.192420000000000008e-01,3.023400000000000000e+04,2.142256700000000080e+01,9.153715999999999298e+00,1.386654000000000053e+00,9.320249999999999924e-01,7.507503499999999974e+01,1.167194750000000028e+02,2.973400000000000000e+04
6.917290000000000383e-01,4.783610229999999888e+02,3.208710000000000173e-01,9.253759999999999764e-01,1.175429999999999947e-01,1.932000000000000000e+03,8.922790000000000443e-01,2.793000000000000000e+03,4.292429999999999857e-01,6.544940000000000202e-01,8.305559999999999610e-01,5.975610000000000088e-01,2.090908999999999907e+00,2.180773999999999990e+00,9.031336199999999792e+01,1.114758699999999969e+01,3.229739999999999833e-01,1.156159999999999966e-01,1.578822800000000015e+01,1.238347930000000048e+02,6.303300000000000569e-02,3.912900000000000000e+04,5.460737999999999914e+01,1.175457899999999967e+01,1.218923999999999985e+01,8.799329999999999652e-01,7.728874199999999917e+01,9.631039400000000228e+01,3.491400000000000000e+04
6.796769999999999756e-01,4.896949159999999779e+02,2.466559999999999864e-01,8.264110000000000067e-01,7.863999999999999463e-03,7.836000000000000000e+03,7.279250000000000442e-01,1.152900000000000000e+04,1.012069000000000107e+00,4.118959999999999844e-01,5.993760000000000199e-01,7.253349999999999520e-01,6.412437999999999860e+00,1.567296999999999940e+00,6.694069700000000012e+01,2.352062400000000153e+01,2.814409999999999967e-01,3.334039999999999782e-01,3.592350400000000121e+01,5.539358899999999863e+01,4.990999999999999777e-03,5.278700000000000000e+04,7.068835400000000391e+01,1.365070500000000031e+01,3.295384200000000163e+01,4.576580000000000092e-01,3.300635499999999922e+01,1.456670379999999909e+02,3.842500000000000000e+04
8.951050000000000395e-01,4.221226199999999835e+02,3.227329999999999921e-01,8.951240000000000308e-01,6.299000000000000432e-02,2.304000000000000000e+03,8.210119999999999640e-01,2.574000000000000000e+03,6.172459999999999614e-01,5.479159999999999586e-01,7.559529999999999861e-01,6.912939999999999641e-01,2.612245000000000150e+00,1.834486000000000061e+00,8.552749599999999930e+01,1.468647600000000075e+01,3.149109999999999965e-01,1.978570000000000051e-01,2.217813699999999955e+01,9.356107299999999327e+01,6.147099999999999786e-02,3.241000000000000000e+04,6.102095400000000325e+01,8.923090999999999440e+00,1.605963300000000160e+01,7.631099999999999550e-01,4.285692999999999842e+01,1.083646470000000051e+02,2.660900000000000000e+04
2.439204000000000150e+00,4.497075810000000047e+02,2.281090000000000062e-01,7.582830000000000403e-01,4.055999999999999710e-03,9.930000000000000000e+03,5.516119999999999912e-01,4.071000000000000000e+03,1.334460999999999897e+00,3.576500000000000234e-01,4.754959999999999742e-01,7.582860000000000156e-01,8.316582999999999615e+00,1.343836000000000030e+00,6.680817399999999395e+01,2.565245200000000025e+01,3.160209999999999964e-01,3.942410000000000081e-01,4.861410099999999801e+01,4.947141299999999831e+01,4.375099999999999822e-02,5.770000000000000000e+04,7.692163800000000151e+01,1.143369099999999960e+01,3.945292700000000252e+01,8.367729999999999890e-01,2.716368900000000153e+01,1.474996490000000051e+02,3.182800000000000000e+04
9.870339999999999669e-01,2.689987179999999967e+02,3.279380000000000073e-01,9.625749999999999584e-01,1.240210000000000062e-01,1.827000000000000000e+03,9.527980000000000338e-01,1.851000000000000000e+03,1.993060000000000109e-01,6.654339999999999700e-01,9.178399999999999892e-01,5.799760000000000471e-01,2.052808999999999884e+00,2.251300000000000079e+00,8.869361899999999821e+01,3.378924000000000039e+00,3.279079999999999773e-01,1.077850000000000058e-01,6.465660999999999881e+00,1.246138689999999940e+02,1.268120000000000080e-01,3.457500000000000000e+04,3.509376900000000177e+01,1.404904499999999956e+01,4.209287999999999919e+00,8.568850000000000078e-01,7.548913600000000201e+01,1.012965700000000027e+02,3.294300000000000000e+04
1.663847999999999994e+00,3.446380310000000122e+02,2.729369999999999852e-01,8.372629999999999795e-01,1.022499999999999971e-02,7.083000000000000000e+03,6.982720000000000038e-01,4.257000000000000000e+03,9.506539999999999990e-01,4.579170000000000185e-01,6.193210000000000104e-01,7.013650000000000162e-01,5.922240999999999644e+00,1.648765999999999954e+00,6.143659199999999743e+01,1.667931000000000097e+01,3.114879999999999871e-01,2.826150000000000051e-01,3.110134100000000146e+01,5.547410599999999903e+01,4.053799999999999765e-02,5.846000000000000000e+04,6.351947400000000243e+01,1.014583000000000013e+01,2.615889900000000168e+01,4.627539999999999987e-01,2.917637600000000120e+01,9.560038799999999526e+01,4.082100000000000000e+04
9.242979999999999530e-01,4.864899599999999964e+02,2.695190000000000086e-01,8.425010000000000554e-01,7.915999999999999426e-03,6.813000000000000000e+03,5.785430000000000295e-01,7.371000000000000000e+03,9.399140000000000272e-01,2.726859999999999840e-01,6.170409999999999506e-01,8.221220000000000194e-01,5.200763000000000247e+00,1.041787999999999936e+00,5.793679399999999902e+01,2.032114400000000032e+01,2.617959999999999732e-01,5.172550000000000203e-01,3.362245899999999921e+01,3.528927600000000098e+01,1.168899999999999974e-02,5.053900000000000000e+04,6.830834199999999612e+01,7.857916999999999597e+00,2.855066899999999919e+01,3.258130000000000193e-01,2.066715200000000152e+01,7.453379800000000444e+01,2.923900000000000000e+04
9.670210000000000194e-01,4.001379390000000171e+02,3.166349999999999998e-01,9.053630000000000289e-01,7.600500000000000311e-02,2.727000000000000000e+03,8.139049999999999896e-01,2.820000000000000000e+03,5.700089999999999879e-01,5.116370000000000084e-01,7.665250000000000119e-01,6.586640000000000272e-01,2.299325000000000063e+00,1.894150999999999918e+00,1.029313350000000042e+02,1.752239799999999903e+01,3.277169999999999805e-01,2.335619999999999918e-01,2.521001100000000150e+01,1.051912379999999985e+02,8.732499999999999984e-02,5.526200000000000000e+04,6.932625600000000077e+01,1.311419700000000077e+01,2.084105299999999872e+01,6.800289999999999946e-01,7.269869199999999410e+01,1.197279280000000057e+02,4.497800000000000000e+04
9.682800000000000296e-01,2.641299440000000232e+02,3.285199999999999787e-01,9.564700000000000424e-01,1.240740000000000037e-01,1.740000000000000000e+03,9.373780000000000445e-01,1.797000000000000000e+03,2.413309999999999900e-01,6.348730000000000206e-01,9.000110000000000054e-01,6.084720000000000129e-01,2.004608000000000168e+00,2.102218000000000142e+00,8.440506700000000251e+01,4.427885999999999989e+00,3.287260000000000182e-01,1.290550000000000030e-01,7.732759999999999856e+00,1.108373789999999985e+02,1.240990000000000010e-01,3.189000000000000000e+04,3.678313099999999736e+01,1.173749600000000015e+01,5.530869000000000035e+00,9.206600000000000339e-01,6.704366299999999512e+01,9.573225399999999752e+01,2.989300000000000000e+04
9.775859999999999550e-01,2.808127140000000281e+02,3.261370000000000102e-01,9.623869999999999925e-01,1.218370000000000009e-01,1.701000000000000000e+03,9.470009999999999817e-01,1.740000000000000000e+03,2.052170000000000105e-01,6.184520000000000017e-01,9.145579999999999821e-01,6.393349999999999866e-01,1.996478999999999893e+00,2.046475000000000044e+00,8.746755199999999775e+01,3.712324000000000179e+00,3.262729999999999797e-01,1.412640000000000007e-01,6.458002999999999716e+00,1.109971309999999960e+02,1.229530000000000067e-01,2.962300000000000000e+04,3.415264100000000269e+01,9.705358000000000374e+00,4.618871000000000393e+00,8.360830000000000206e-01,6.447138200000000552e+01,9.954650100000000634e+01,2.805300000000000000e+04
2.326531000000000127e+00,4.861755979999999795e+02,2.502090000000000147e-01,7.474039999999999573e-01,4.988000000000000246e-03,7.866000000000000000e+03,5.407570000000000432e-01,3.381000000000000000e+03,1.403837000000000002e+00,3.689589999999999814e-01,4.420799999999999730e-01,7.534330000000000194e-01,7.622092999999999563e+00,1.366802999999999990e+00,6.655189500000000180e+01,2.663198900000000080e+01,3.151590000000000225e-01,3.783340000000000036e-01,5.178319900000000331e+01,5.049315599999999904e+01,4.992599999999999816e-02,4.541600000000000000e+04,7.743729399999999430e+01,1.195641700000000007e+01,4.147221400000000102e+01,8.088039999999999674e-01,2.822635700000000014e+01,1.610174869999999885e+02,2.455900000000000000e+04
9.526550000000000296e-01,3.886640929999999798e+02,2.582309999999999883e-01,7.944970000000000088e-01,1.788000000000000006e-02,4.467000000000000000e+03,5.644890000000000185e-01,4.689000000000000000e+03,1.208115999999999968e+00,3.470949999999999869e-01,5.167690000000000339e-01,7.685779999999999834e-01,3.904720000000000191e+00,1.314400000000000013e+00,6.433168799999999976e+01,2.711847699999999861e+01,3.119589999999999863e-01,4.167429999999999746e-01,4.604617700000000013e+01,4.658956500000000034e+01,2.874600000000000072e-02,5.029500000000000000e+04,7.719786799999999971e+01,6.973385000000000389e+00,3.953932999999999964e+01,6.472959999999999825e-01,2.240967799999999954e+01,6.737072000000000571e+01,2.839100000000000000e+04
1.129807999999999923e+00,2.877418210000000158e+02,3.237510000000000110e-01,9.757379999999999942e-01,9.054500000000000048e-02,2.115000000000000000e+03,9.695279999999999454e-01,1.872000000000000000e+03,1.269409999999999983e-01,5.977120000000000211e-01,9.465120000000000200e-01,6.483919999999999684e-01,2.274194000000000049e+00,2.044900999999999858e+00,7.986332699999999818e+01,2.068169999999999842e+00,3.248510000000000009e-01,1.571470000000000089e-01,3.516709000000000085e+00,9.615037499999999682e+01,1.192099999999999965e-01,3.324400000000000000e+04,2.560090399999999988e+01,1.555869399999999914e+01,2.305522999999999989e+00,7.412410000000000387e-01,5.350519200000000097e+01,1.313542329999999936e+02,3.223100000000000000e+04
1.313368000000000091e+00,3.421105039999999917e+02,2.791859999999999897e-01,8.460079999999999822e-01,2.083499999999999935e-02,4.539000000000000000e+03,7.212020000000000097e-01,3.456000000000000000e+03,8.895819999999999839e-01,4.773740000000000205e-01,6.429049999999999487e-01,6.909980000000000011e-01,4.242055999999999827e+00,1.688933999999999935e+00,6.579282399999999598e+01,1.672291600000000145e+01,3.110020000000000007e-01,2.637120000000000020e-01,3.027767000000000053e+01,6.229203799999999802e+01,4.983200000000000129e-02,4.736400000000000000e+04,6.432282999999999618e+01,1.042050899999999913e+01,2.316370399999999918e+01,5.771230000000000526e-01,3.208727300000000326e+01,7.857321899999999459e+01,3.415900000000000000e+04
9.841950000000000420e-01,2.798603209999999990e+02,3.268039999999999834e-01,9.652100000000000124e-01,1.027740000000000042e-01,2.055000000000000000e+03,9.442549999999999555e-01,2.088000000000000000e+03,1.905930000000000124e-01,5.552019999999999733e-01,9.201650000000000107e-01,6.347969999999999446e-01,2.059117999999999782e+00,2.001866999999999841e+00,1.014889529999999951e+02,3.441502999999999979e+00,3.271000000000000019e-01,1.928950000000000109e-01,6.962769999999999904e+00,1.131191939999999931e+02,1.054279999999999939e-01,3.657700000000000000e+04,3.787914700000000323e+01,1.641600800000000149e+01,5.019998000000000182e+00,7.799909999999999899e-01,7.944891400000000203e+01,1.122792740000000009e+02,3.453800000000000000e+04
9.632500000000000506e-01,2.549265139999999974e+02,3.264099999999999779e-01,9.594019999999999770e-01,1.282059999999999866e-01,1.494000000000000000e+03,9.347729999999999650e-01,1.551000000000000000e+03,2.219980000000000009e-01,5.446800000000000530e-01,9.083269999999999955e-01,6.969649999999999457e-01,1.826405999999999974e+00,1.743678000000000061e+00,8.394792200000000548e+01,4.113710000000000200e+00,3.269980000000000109e-01,2.025700000000000001e-01,6.723521999999999998e+00,9.149976300000000151e+01,1.272570000000000090e-01,2.436100000000000000e+04,3.385556799999999811e+01,6.661260999999999655e+00,4.591920000000000002e+00,7.538470000000000448e-01,4.878807799999999872e+01,8.284318500000000540e+01,2.277200000000000000e+04
9.673910000000000009e-01,3.354586489999999799e+02,3.262760000000000105e-01,9.625599999999999712e-01,1.251929999999999987e-01,1.602000000000000000e+03,9.583570000000000144e-01,1.656000000000000000e+03,1.845650000000000068e-01,6.832340000000000080e-01,9.200570000000000137e-01,6.071349999999999802e-01,2.069767000000000134e+00,2.190031999999999979e+00,8.842733800000000599e+01,2.994148000000000032e+00,3.269730000000000136e-01,9.624800000000000022e-02,5.763080999999999676e+00,1.292842410000000086e+02,1.222530000000000006e-01,2.667900000000000000e+04,3.304972099999999813e+01,9.548928000000000083e+00,4.109480999999999717e+00,8.738770000000000149e-01,7.859724400000000344e+01,1.265195769999999982e+02,2.556800000000000000e+04
8.132930000000000437e-01,4.097138059999999768e+02,2.655699999999999728e-01,8.156569999999999654e-01,2.061100000000000085e-02,4.038000000000000000e+03,5.813530000000000086e-01,4.965000000000000000e+03,1.087218000000000018e+00,3.266560000000000019e-01,5.647450000000000525e-01,7.878490000000000215e-01,3.523559999999999803e+00,1.235054000000000096e+00,6.031419000000000352e+01,2.441492799999999974e+01,2.967859999999999943e-01,4.443710000000000160e-01,3.983061200000000213e+01,4.149640999999999735e+01,2.345099999999999962e-02,4.600300000000000000e+04,7.281847399999999482e+01,7.011298000000000030e+00,3.431322099999999864e+01,6.971389999999999532e-01,2.158607299999999896e+01,5.971163200000000160e+01,2.674400000000000000e+04
1.328041999999999945e+00,2.990143130000000156e+02,2.818530000000000202e-01,9.664390000000000480e-01,6.917700000000000238e-02,2.259000000000000000e+03,9.655930000000000346e-01,1.701000000000000000e+03,1.735220000000000096e-01,6.590650000000000119e-01,9.263280000000000403e-01,5.713019999999999765e-01,2.728260999999999825e+00,2.240377000000000063e+00,9.472212199999999882e+01,2.801918999999999826e+00,3.259170000000000122e-01,1.119740000000000041e-01,5.824137000000000342e+00,1.300577999999999861e+02,1.263539999999999941e-01,2.909300000000000000e+04,3.399209199999999953e+01,1.780332800000000049e+01,4.483671000000000184e+00,8.211899999999999755e-01,8.908922599999999647e+01,1.231329499999999939e+02,2.809200000000000000e+04
1.400423999999999891e+00,3.120484309999999937e+02,2.677149999999999808e-01,8.114799999999999791e-01,1.856899999999999870e-02,3.966000000000000000e+03,6.271550000000000180e-01,2.832000000000000000e+03,1.111898999999999971e+00,4.086319999999999952e-01,5.517400000000000082e-01,7.401910000000000434e-01,4.157232999999999734e+00,1.448615999999999904e+00,5.826769600000000082e+01,2.080258399999999952e+01,3.149120000000000252e-01,3.385210000000000163e-01,3.765117599999999953e+01,4.790873700000000213e+01,5.806800000000000156e-02,3.706100000000000000e+04,6.755088000000000648e+01,1.022012999999999927e+01,2.978459900000000005e+01,3.714749999999999996e-01,2.500397299999999845e+01,7.266969299999999521e+01,2.324300000000000000e+04
6.832129999999999592e-01,2.639789430000000152e+02,3.284529999999999950e-01,9.263940000000000508e-01,1.072449999999999931e-01,2.271000000000000000e+03,8.587960000000000038e-01,3.324000000000000000e+03,4.481029999999999736e-01,5.216410000000000213e-01,8.238330000000000375e-01,6.673970000000000180e-01,1.954388999999999932e+00,1.824027000000000065e+00,8.578501099999999724e+01,1.031336399999999998e+01,3.290000000000000147e-01,2.246700000000000086e-01,1.525096600000000002e+01,8.936285399999999868e+01,5.829100000000000253e-02,5.125200000000000000e+04,4.990202000000000027e+01,8.959668999999999883e+00,1.188306200000000068e+01,9.130709999999999660e-01,5.149675400000000280e+01,5.532720900000000341e+01,4.401500000000000000e+04
6.253250000000000197e-01,5.771715699999999742e+02,3.204480000000000106e-01,8.947810000000000485e-01,8.283200000000000285e-02,2.163000000000000000e+03,7.616260000000000252e-01,3.459000000000000000e+03,6.440350000000000241e-01,4.360720000000000152e-01,7.296240000000000503e-01,6.828899999999999970e-01,2.032894999999999897e+00,1.704712000000000005e+00,1.073877410000000054e+02,2.099537700000000129e+01,3.215560000000000085e-01,3.123400000000000065e-01,2.972838000000000136e+01,9.431777200000000505e+01,4.252700000000000230e-02,4.049100000000000000e+04,7.506634499999999832e+01,1.836609100000000083e+01,2.677980799999999917e+01,5.109629999999999450e-01,7.790959900000000005e+01,1.353996280000000070e+02,3.083900000000000000e+04
6.271189999999999820e-01,7.707660519999999451e+02,2.876380000000000048e-01,8.882349999999999968e-01,3.756199999999999817e-02,2.664000000000000000e+03,6.638190000000000479e-01,4.248000000000000000e+03,7.122469999999999635e-01,3.106220000000000092e-01,6.906409999999999494e-01,7.783670000000000311e-01,2.546844999999999803e+00,1.269667000000000101e+00,9.829966000000000292e+01,2.534936700000000087e+01,3.029669999999999863e-01,4.675389999999999824e-01,3.506541099999999744e+01,6.589124300000000289e+01,2.225299999999999848e-02,3.195600000000000000e+04,8.155210900000000152e+01,1.524223899999999965e+01,3.318646199999999880e+01,6.267059999999999853e-01,5.514518400000000042e+01,1.716275789999999972e+02,2.121300000000000000e+04
1.068132000000000081e+00,2.740749819999999772e+02,3.270140000000000269e-01,9.770229999999999748e-01,1.110470000000000068e-01,1.458000000000000000e+03,9.756920000000000037e-01,1.365000000000000000e+03,1.069699999999999956e-01,5.850199999999999845e-01,9.523089999999999611e-01,6.468409999999999993e-01,2.030641000000000140e+00,1.953035999999999994e+00,7.913452900000000056e+01,1.608408999999999978e+00,3.275660000000000238e-01,1.662679999999999991e-01,2.622703000000000007e+00,9.266144599999999798e+01,1.298499999999999932e-01,1.925300000000000000e+04,2.160020300000000049e+01,1.257193999999999967e+01,1.476299999999999946e+00,6.723149999999999959e-01,4.032883799999999752e+01,1.236669619999999981e+02,1.878500000000000000e+04
1.043668000000000040e+00,2.851771850000000086e+02,3.212189999999999768e-01,9.652349999999999541e-01,9.520900000000000196e-02,2.151000000000000000e+03,9.501290000000000013e-01,2.061000000000000000e+03,1.880239999999999967e-01,6.037200000000000344e-01,9.206339999999999524e-01,6.149689999999999879e-01,2.231327999999999978e+00,2.066044999999999909e+00,9.639539299999999855e+01,3.166469000000000200e+00,3.238880000000000092e-01,1.523180000000000089e-01,6.461431000000000147e+00,1.186809080000000023e+02,1.091489999999999960e-01,3.689500000000000000e+04,3.576419400000000337e+01,1.170944599999999980e+01,4.839369999999999727e+00,8.733509999999999884e-01,7.821884199999999510e+01,1.157139659999999992e+02,3.505500000000000000e+04
1.101321999999999912e+00,2.684891969999999901e+02,3.183090000000000086e-01,9.297260000000000524e-01,4.617700000000000277e-02,3.000000000000000000e+03,8.907080000000000553e-01,2.724000000000000000e+03,3.935299999999999909e-01,5.861859999999999848e-01,8.387339999999999796e-01,6.720840000000000147e-01,3.151260999999999868e+00,1.869461000000000039e+00,8.804079400000000533e+01,5.040943999999999647e+00,3.217479999999999785e-01,1.652139999999999997e-01,1.317662499999999959e+01,1.043472979999999950e+02,6.288100000000000633e-02,3.713000000000000000e+04,4.741030500000000103e+01,4.540792999999999857e+00,9.454280000000000683e+00,7.195810000000000262e-01,6.215549899999999894e+01,7.399970199999999920e+01,3.307200000000000000e+04
3.706720000000000015e-01,9.308552859999999782e+02,3.028560000000000141e-01,8.589930000000000065e-01,6.380099999999999660e-02,2.184000000000000000e+03,6.217780000000000529e-01,5.892000000000000000e+03,8.852299999999999613e-01,3.450500000000000234e-01,6.023060000000000080e-01,7.512999999999999678e-01,2.056496999999999797e+00,1.397018000000000093e+00,9.801277899999999477e+01,3.634328500000000162e+01,2.962790000000000146e-01,4.220140000000000002e-01,4.511507000000000289e+01,7.102072900000000288e+01,1.409799999999999942e-02,3.894800000000000000e+04,8.825240300000000104e+01,1.379280200000000001e+01,4.337651100000000071e+01,6.986139999999999572e-01,4.495791200000000032e+01,1.250229420000000005e+02,2.421700000000000000e+04
8.642220000000000457e-01,6.933363650000000007e+02,3.087650000000000117e-01,8.887530000000000152e-01,4.818499999999999867e-02,2.616000000000000000e+03,7.661160000000000192e-01,3.027000000000000000e+03,6.684480000000000421e-01,4.519250000000000211e-01,7.230720000000000480e-01,6.720540000000000402e-01,2.713693000000000133e+00,1.789244000000000057e+00,1.036003110000000049e+02,1.987030000000000030e+01,3.210270000000000068e-01,2.923879999999999812e-01,2.960229100000000102e+01,9.390951499999999896e+01,4.697500000000000286e-02,3.425200000000000000e+04,7.466130099999999459e+01,1.607400300000000115e+01,2.785008200000000045e+01,6.992939999999999712e-01,7.895906100000000549e+01,2.045665129999999863e+02,2.624100000000000000e+04
1.485060000000000047e+00,3.211166690000000017e+02,2.635259999999999825e-01,8.126759999999999540e-01,1.793700000000000155e-02,4.473000000000000000e+03,6.249149999999999983e-01,3.012000000000000000e+03,1.101561999999999930e+00,4.007350000000000079e-01,5.560699999999999532e-01,7.458789999999999587e-01,4.188202000000000425e+00,1.433175000000000088e+00,6.107728199999999674e+01,2.130411000000000143e+01,3.160569999999999768e-01,3.482410000000000228e-01,3.926943599999999890e+01,4.917593800000000215e+01,6.329999999999999516e-02,4.569900000000000000e+04,7.056848100000000557e+01,1.013624000000000080e+01,3.103583899999999929e+01,5.819720000000000448e-01,2.411127700000000118e+01,8.424394200000000410e+01,2.855800000000000000e+04
8.561549999999999994e-01,4.418228760000000079e+02,3.107849999999999779e-01,8.482020000000000115e-01,8.593800000000000050e-02,1.857000000000000000e+03,6.166620000000000434e-01,2.169000000000000000e+03,9.360680000000000112e-01,3.517489999999999783e-01,5.980560000000000320e-01,7.543370000000000353e-01,1.792470999999999925e+00,1.399537999999999949e+00,9.566503099999999904e+01,3.282650399999999991e+01,3.240629999999999900e-01,4.141549999999999954e-01,4.705558800000000019e+01,7.035383600000000115e+01,1.021510000000000057e-01,3.824300000000000000e+04,8.993222000000000094e+01,1.085066699999999962e+01,4.284062999999999732e+01,5.027760000000000007e-01,5.581437700000000035e+01,1.164788439999999952e+02,2.358300000000000000e+04
3.801950000000000052e-01,6.070791629999999941e+02,3.290469999999999784e-01,8.902590000000000225e-01,1.106929999999999997e-01,2.223000000000000000e+03,8.014510000000000245e-01,5.847000000000000000e+03,6.673489999999999700e-01,5.517109999999999514e-01,7.232809999999999517e-01,6.642289999999999583e-01,1.974245000000000028e+00,1.894633000000000012e+00,9.101414499999999919e+01,1.971576699999999960e+01,2.988259999999999805e-01,1.971150000000000124e-01,2.674583099999999902e+01,1.006210939999999994e+02,1.996399999999999911e-02,5.431400000000000000e+04,6.753187599999999691e+01,7.953484999999999694e+00,2.006823899999999838e+01,6.595050000000000079e-01,6.184253300000000309e+01,7.229587600000000691e+01,4.353000000000000000e+04
1.628482999999999903e+00,1.454273070000000132e+02,3.172679999999999945e-01,9.467510000000000092e-01,3.894299999999999845e-02,3.156000000000000000e+03,9.098330000000000028e-01,1.938000000000000000e+03,3.093090000000000006e-01,5.823960000000000248e-01,8.680489999999999595e-01,6.696469999999999922e-01,3.415583999999999953e+00,1.847105999999999915e+00,8.158207699999999818e+01,2.912716999999999778e+00,3.283679999999999932e-01,1.684660000000000046e-01,1.001186799999999977e+01,9.595884700000000578e+01,1.135099999999999998e-01,3.392600000000000000e+04,4.051119599999999821e+01,5.019735999999999976e+00,6.394244999999999735e+00,6.727229999999999599e-01,5.590590699999999913e+01,6.329868700000000104e+01,3.086700000000000000e+04
2.097306999999999810e+00,3.853199769999999944e+02,2.623119999999999896e-01,7.905649999999999622e-01,7.637999999999999824e-03,7.242000000000000000e+03,6.258070000000000022e-01,3.453000000000000000e+03,1.182542999999999900e+00,4.278699999999999726e-01,5.279679999999999929e-01,7.187080000000000135e-01,6.631867999999999874e+00,1.571758999999999906e+00,6.437902800000000525e+01,2.190334700000000012e+01,3.149159999999999737e-01,3.128059999999999730e-01,4.099444199999999938e+01,5.502771800000000013e+01,5.368699999999999861e-02,5.093900000000000000e+04,7.097234299999999507e+01,1.109600799999999943e+01,3.205774300000000210e+01,5.742570000000000174e-01,2.955260099999999923e+01,1.205764159999999947e+02,3.187800000000000000e+04
5.425849999999999840e-01,4.473404850000000010e+02,3.256970000000000143e-01,8.200020000000000087e-01,7.656300000000000605e-02,2.733000000000000000e+03,6.406779999999999697e-01,5.037000000000000000e+03,1.138978999999999964e+00,4.777440000000000020e-01,5.248610000000000220e-01,7.404140000000000166e-01,2.211164999999999825e+00,1.607404000000000055e+00,9.561135899999999310e+01,3.738862600000000214e+01,3.092770000000000241e-01,2.687249999999999917e-01,5.319854000000000127e+01,9.125663799999999526e+01,3.518099999999999700e-02,7.103100000000000000e+04,8.840426600000000690e+01,5.331002999999999936e+00,4.575006499999999932e+01,6.339719999999999800e-01,5.522641000000000133e+01,8.684355200000000252e+01,4.550800000000000000e+04
9.844960000000000377e-01,3.066121219999999994e+02,3.272660000000000013e-01,9.694599999999999884e-01,1.257729999999999959e-01,1.524000000000000000e+03,9.597459999999999880e-01,1.548000000000000000e+03,1.523370000000000002e-01,5.703840000000000021e-01,9.345210000000000461e-01,6.525720000000000409e-01,1.886139000000000010e+00,1.928077000000000041e+00,9.959441400000000044e+01,2.430474999999999941e+00,3.277450000000000085e-01,1.790660000000000029e-01,4.999976000000000198e+00,1.144977800000000059e+02,1.270159999999999900e-01,2.422100000000000000e+04,3.195803799999999839e+01,8.789768000000000470e+00,3.574898999999999827e+00,8.215869999999999562e-01,7.178608699999999487e+01,1.155278320000000036e+02,2.324600000000000000e+04
2.995979999999999754e-01,1.130660033999999996e+03,3.233650000000000135e-01,8.966370000000000173e-01,1.005930000000000019e-01,2.238000000000000000e+03,7.575629999999999864e-01,7.470000000000000000e+03,6.709370000000000056e-01,4.661549999999999860e-01,7.025850000000000151e-01,6.617530000000000356e-01,1.906303000000000081e+00,1.862271999999999927e+00,1.079912640000000010e+02,2.874792499999999862e+01,3.123139999999999805e-01,2.801120000000000276e-01,3.288624599999999987e+01,1.007689210000000060e+02,1.191900000000000077e-02,5.292500000000000000e+04,7.970407899999999302e+01,2.290665100000000010e+01,3.053714799999999840e+01,7.831620000000000248e-01,8.493506600000000617e+01,1.701999509999999987e+02,4.009400000000000000e+04
4.691940000000000000e-01,4.332091369999999984e+02,3.191519999999999913e-01,8.130840000000000289e-01,9.159200000000000674e-02,2.673000000000000000e+03,6.176409999999999956e-01,5.697000000000000000e+03,1.174234999999999918e+00,4.627089999999999814e-01,4.988859999999999961e-01,6.937680000000000513e-01,1.991802999999999990e+00,1.704180000000000028e+00,1.035155720000000059e+02,4.300346400000000102e+01,3.299170000000000158e-01,2.845309999999999784e-01,6.068903000000000247e+01,9.594271899999999675e+01,3.264600000000000141e-02,8.431600000000000000e+04,9.598296399999999551e+01,9.026139999999999830e+00,5.148636199999999974e+01,5.297340000000000382e-01,6.523999799999999993e+01,9.427346799999999405e+01,5.207700000000000000e+04
2.694340000000000068e-01,1.139956055000000106e+03,3.242309999999999914e-01,8.680309999999999970e-01,1.097459999999999963e-01,1.986000000000000000e+03,6.741430000000000478e-01,7.371000000000000000e+03,8.770999999999999908e-01,4.226610000000000089e-01,6.124309999999999476e-01,6.999619999999999731e-01,1.739054000000000100e+00,1.702210999999999919e+00,1.057477039999999988e+02,3.816759900000000272e+01,3.158050000000000024e-01,3.283400000000000207e-01,4.529470799999999997e+01,9.034322400000000641e+01,1.181800000000000038e-02,5.109600000000000000e+04,9.017185200000000123e+01,1.800045400000000129e+01,3.975571099999999802e+01,6.215340000000000309e-01,7.020087399999999889e+01,1.552131650000000036e+02,3.444600000000000000e+04
2.350978000000000012e+00,3.555463560000000030e+02,2.732689999999999841e-01,8.151140000000000052e-01,9.917000000000000468e-03,6.129000000000000000e+03,6.628279999999999728e-01,2.607000000000000000e+03,1.060410999999999992e+00,4.453880000000000061e-01,5.739849999999999675e-01,7.092549999999999688e-01,5.938952999999999705e+00,1.598810000000000064e+00,6.532847599999999488e+01,1.910357700000000136e+01,3.234890000000000265e-01,2.944120000000000070e-01,3.766699200000000047e+01,5.770978199999999703e+01,8.269500000000000461e-02,4.472500000000000000e+04,7.037916599999999789e+01,1.179122599999999998e+01,2.974625999999999948e+01,7.504140000000000255e-01,3.025408699999999840e+01,1.160402530000000070e+02,2.964500000000000000e+04
1.469071999999999933e+00,3.656391600000000039e+02,2.841679999999999762e-01,8.343209999999999793e-01,1.228800000000000031e-02,5.985000000000000000e+03,6.914069999999999938e-01,4.074000000000000000e+03,9.775059999999999860e-01,4.615549999999999931e-01,6.057839999999999892e-01,7.059360000000000079e-01,5.421196000000000126e+00,1.652247000000000021e+00,5.786141200000000140e+01,1.730707599999999857e+01,3.133830000000000227e-01,2.790230000000000210e-01,3.235614799999999747e+01,5.236181299999999794e+01,3.835500000000000020e-02,5.065900000000000000e+04,6.424742100000000278e+01,9.618235000000000312e+00,2.615121099999999998e+01,7.744320000000000093e-01,2.692010499999999951e+01,8.882737699999999847e+01,3.502600000000000000e+04
1.874551999999999996e+00,3.431124879999999848e+02,2.727510000000000212e-01,7.827070000000000416e-01,8.498999999999999611e-03,6.276000000000000000e+03,5.403449999999999642e-01,3.348000000000000000e+03,1.291074999999999973e+00,3.480719999999999925e-01,4.733789999999999942e-01,7.770350000000000312e-01,5.664259999999999629e+00,1.288086999999999982e+00,5.865355300000000227e+01,2.585879299999999859e+01,3.170810000000000017e-01,4.105989999999999918e-01,4.797257199999999955e+01,4.242056300000000135e+01,5.526999999999999968e-02,4.930000000000000000e+04,7.457930000000000348e+01,9.376661000000000357e+00,3.988169899999999757e+01,7.297190000000000065e-01,2.421223399999999870e+01,9.839794899999999700e+01,2.663900000000000000e+04
5.628999999999999559e-01,4.918003540000000271e+02,3.276649999999999840e-01,8.802729999999999722e-01,1.141429999999999945e-01,2.376000000000000000e+03,7.951059999999999794e-01,4.221000000000000000e+03,7.307000000000000162e-01,5.859269999999999756e-01,7.075799999999999867e-01,6.585900000000000087e-01,2.006756999999999902e+00,1.951940999999999926e+00,1.004804759999999959e+02,2.254645899999999870e+01,3.272990000000000066e-01,1.682190000000000074e-01,3.193265200000000092e+01,1.193608930000000043e+02,4.548699999999999966e-02,6.449200000000000000e+04,7.592952699999999311e+01,7.536598999999999826e+00,2.622264499999999998e+01,9.216090000000000115e-01,7.343217500000000086e+01,8.385968800000000556e+01,5.127800000000000000e+04
4.966849999999999876e-01,4.337729190000000017e+02,3.285549999999999859e-01,8.171019999999999950e-01,1.002610000000000029e-01,2.472000000000000000e+03,6.205220000000000180e-01,4.977000000000000000e+03,1.157399000000000067e+00,4.577419999999999822e-01,5.093560000000000310e-01,7.097090000000000343e-01,1.892802000000000096e+00,1.665848999999999913e+00,1.028607480000000010e+02,4.231105399999999861e+01,3.276660000000000128e-01,2.901750000000000163e-01,5.956381600000000276e+01,9.429816399999999987e+01,3.985999999999999960e-02,7.857100000000000000e+04,9.570047800000000393e+01,7.887852999999999781e+00,5.008330500000000285e+01,6.643369999999999553e-01,6.285565199999999919e+01,8.258687600000000373e+01,4.875500000000000000e+04
9.501610000000000333e-01,2.018374479999999949e+02,3.171260000000000190e-01,9.744639999999999969e-01,1.097439999999999943e-01,1.773000000000000000e+03,9.631619999999999626e-01,1.866000000000000000e+03,1.273970000000000102e-01,5.212459999999999871e-01,9.438699999999999868e-01,7.421799999999999509e-01,1.931373000000000006e+00,1.638346000000000080e+00,8.786277800000000582e+01,1.863105000000000011e+00,3.184509999999999841e-01,2.249309999999999921e-01,3.743278999999999801e+00,9.105388600000000565e+01,1.028670000000000001e-01,2.850300000000000000e+04,2.633261900000000111e+01,5.623927000000000120e+00,2.128502999999999812e+00,6.794019999999999504e-01,3.785437000000000296e+01,8.106604799999999500e+01,2.745300000000000000e+04
